Date,Open,High,Low,Close,Volume,Ex-Dividend,Split Ratio,Adj. Open,Adj. High,Adj. Low,Adj. Close,Adj. Volume
2016-01-04,3469.07,3469.07,3469.07,3469.07,11537070000,0,1,3469.07,3469.07,3469.07,3469.07,11537070000
2016-01-05,3469.07,3478.78,3469.07,3478.78,16211700000,0,1,3469.07,3478.78,3469.07,3478.78,16211700000
2016-01-06,3478.78,3539.81,3478.78,3539.81,14596610000,0,1,3478.78,3539.81,3478.78,3539.81,14596610000
2016-01-07,3539.81,3539.81,3294.38,3294.38,4410264000,0,1,3539.81,3539.81,3294.38,3294.38,4410264000
2016-01-08,3294.38,3361.56,3294.38,3361.56,18595940000,0,1,3294.38,3361.56,3294.38,3361.56,18595940000
2016-01-11,3361.56,3361.56,3192.45,3192.45,17463840000,0,1,3361.56,3361.56,3192.45,3192.45,17463840000
2016-01-12,3192.45,3215.71,3192.45,3215.71,12822580000,0,1,3192.45,3215.71,3192.45,3215.71,12822580000
2016-01-13,3215.71,3215.71,3155.88,3155.88,12066650000,0,1,3215.71,3215.71,3155.88,3155.88,12066650000
2016-01-14,3155.88,3221.57,3155.88,3221.57,13453770000,0,1,3155.88,3221.57,3155.88,3221.57,13453770000
2016-01-15,3221.57,3221.57,3118.73,3118.73,12460180000,0,1,3221.57,3221.57,3118.73,3118.73,12460180000
2016-01-18,3118.73,3130.73,3118.73,3130.73,10112840000,0,1,3118.73,3130.73,3118.73,3130.73,10112840000
2016-01-19,3130.73,3223.13,3130.73,3223.13,12765390000,0,1,3130.73,3223.13,3130.73,3223.13,12765390000
2016-01-20,3223.13,3223.13,3174.38,3174.38,13065050000,0,1,3223.13,3223.13,3174.38,3174.38,13065050000
2016-01-21,3174.38,3174.38,3081.35,3081.35,11118970000,0,1,3174.38,3174.38,3081.35,3081.35,11118970000
2016-01-22,3081.35,3113.46,3081.35,3113.46,8995109000,0,1,3081.35,3113.46,3081.35,3113.46,8995109000
2016-01-25,3113.46,3128.89,3113.46,3128.89,8154006000,0,1,3113.46,3128.89,3113.46,3128.89,8154006000
2016-01-26,3128.89,3128.89,2940.51,2940.51,12693390000,0,1,3128.89,3128.89,2940.51,2940.51,12693390000
2016-01-27,2940.51,2940.51,2930.35,2930.35,13222940000,0,1,2940.51,2940.51,2930.35,2930.35,13222940000
2016-01-28,2930.35,2930.35,2853.76,2853.76,9922275000,0,1,2930.35,2930.35,2853.76,2853.76,9922275000
2016-01-29,2853.76,2946.09,2853.76,2946.09,11330430000,0,1,2853.76,2946.09,2853.76,2946.09,11330430000
2016-02-01,2946.09,2946.09,2901.05,2901.05,8679535000,0,1,2946.09,2946.09,2901.05,2901.05,8679535000
2016-02-02,2901.05,2961.33,2901.05,2961.33,8860196000,0,1,2901.05,2961.33,2901.05,2961.33,8860196000
2016-02-03,2961.33,2961.33,2948.64,2948.64,7738900000,0,1,2961.33,2961.33,2948.64,2948.64,7738900000
2016-02-04,2948.64,2984.76,2948.64,2984.76,9177973000,0,1,2948.64,2984.76,2948.64,2984.76,9177973000
2016-02-05,2984.76,2984.76,2963.79,2963.79,7685081000,0,1,2984.76,2984.76,2963.79,2963.79,7685081000
2016-02-15,2963.79,2963.79,2946.71,2946.71,7291943000,0,1,2963.79,2963.79,2946.71,2946.71,7291943000
2016-02-16,2946.71,3037.04,2946.71,3037.04,11257960000,0,1,2946.71,3037.04,2946.71,3037.04,11257960000
2016-02-17,3037.04,3063.32,3037.04,3063.32,12829160000,0,1,3037.04,3063.32,3037.04,3063.32,12829160000
2016-02-18,3063.32,3063.32,3053.7,3053.7,12440150000,0,1,3063.32,3063.32,3053.7,3053.7,12440150000
2016-02-19,3053.7,3053.7,3051.59,3051.59,8733801000,0,1,3053.7,3053.7,3051.59,3051.59,8733801000
2016-02-22,3051.59,3118.87,3051.59,3118.87,14094700000,0,1,3051.59,3118.87,3051.59,3118.87,14094700000
2016-02-23,3118.87,3118.87,3089.36,3089.36,11256740000,0,1,3118.87,3118.87,3089.36,3089.36,11256740000
2016-02-24,3089.36,3109.55,3089.36,3109.55,11178260000,0,1,3089.36,3109.55,3089.36,3109.55,11178260000
2016-02-25,3109.55,3109.55,2918.75,2918.75,15782980000,0,1,3109.55,3109.55,2918.75,2918.75,15782980000
2016-02-26,2918.75,2948.03,2918.75,2948.03,10694970000,0,1,2918.75,2948.03,2918.75,2948.03,10694970000
2016-02-29,2948.03,2948.03,2877.47,2877.47,12934100000,0,1,2948.03,2948.03,2877.47,2877.47,12934100000
2016-03-01,2877.47,2930.69,2877.47,2930.69,11604590000,0,1,2877.47,2930.69,2877.47,2930.69,11604590000
2016-03-02,2930.69,3051.33,2930.69,3051.33,17597240000,0,1,2930.69,3051.33,2930.69,3051.33,17597240000
2016-03-03,3051.33,3058.42,3051.33,3058.42,17310570000,0,1,3051.33,3058.42,3051.33,3058.42,17310570000
2016-03-04,3058.42,3093.89,3058.42,3093.89,21917250000,0,1,3058.42,3093.89,3058.42,3093.89,21917250000
2016-03-07,3093.89,3104.84,3093.89,3104.84,13246200000,0,1,3093.89,3104.84,3093.89,3104.84,13246200000
2016-03-08,3104.84,3107.67,3104.84,3107.67,13623570000,0,1,3104.84,3107.67,3104.84,3107.67,13623570000
2016-03-09,3107.67,3107.67,3071.91,3071.91,11146630000,0,1,3107.67,3107.67,3071.91,3071.91,11146630000
2016-03-10,3071.91,3071.91,3013.15,3013.15,7607220000,0,1,3071.91,3071.91,3013.15,3013.15,7607220000
2016-03-11,3013.15,3018.28,3013.15,3018.28,7333357000,0,1,3013.15,3018.28,3013.15,3018.28,7333357000
2016-03-14,3018.28,3065.69,3018.28,3065.69,11710870000,0,1,3018.28,3065.69,3018.28,3065.69,11710870000
2016-03-15,3065.69,3074.78,3065.69,3074.78,9831195000,0,1,3065.69,3074.78,3065.69,3074.78,9831195000
2016-03-16,3074.78,3090.03,3074.78,3090.03,12473650000,0,1,3074.78,3090.03,3074.78,3090.03,12473650000
2016-03-17,3090.03,3124.2,3090.03,3124.2,12166180000,0,1,3090.03,3124.2,3090.03,3124.2,12166180000
2016-03-18,3124.2,3171.96,3124.2,3171.96,19730260000,0,1,3124.2,3171.96,3124.2,3171.96,19730260000
2016-03-21,3171.96,3249.44,3171.96,3249.44,23326950000,0,1,3171.96,3249.44,3171.96,3249.44,23326950000
2016-03-22,3249.44,3249.44,3225.79,3225.79,16102090000,0,1,3249.44,3249.44,3225.79,3225.79,16102090000
2016-03-23,3225.79,3236.09,3225.79,3236.09,12567930000,0,1,3225.79,3236.09,3225.79,3236.09,12567930000
2016-03-24,3236.09,3236.09,3181.85,3181.85,13313110000,0,1,3236.09,3236.09,3181.85,3181.85,13313110000
2016-03-25,3181.85,3197.82,3181.85,3197.82,9739533000,0,1,3181.85,3197.82,3181.85,3197.82,9739533000
2016-03-28,3197.82,3197.82,3169.73,3169.73,10344190000,0,1,3197.82,3197.82,3169.73,3169.73,10344190000
2016-03-29,3169.73,3169.73,3135.41,3135.41,9729475000,0,1,3169.73,3169.73,3135.41,3135.41,9729475000
2016-03-30,3135.41,3216.28,3135.41,3216.28,11780250000,0,1,3135.41,3216.28,3135.41,3216.28,11780250000
2016-03-31,3216.28,3218.09,3216.28,3218.09,12155210000,0,1,3216.28,3218.09,3216.28,3218.09,12155210000
2016-04-01,3218.09,3221.89,3218.09,3221.89,11812210000,0,1,3218.09,3221.89,3218.09,3221.89,11812210000
2016-04-05,3221.89,3264.49,3221.89,3264.49,14604780000,0,1,3221.89,3264.49,3221.89,3264.49,14604780000
2016-04-06,3264.49,3264.49,3257.53,3257.53,12019630000,0,1,3264.49,3264.49,3257.53,3257.53,12019630000
2016-04-07,3257.53,3257.53,3209.29,3209.29,11240950000,0,1,3257.53,3257.53,3209.29,3209.29,11240950000
2016-04-08,3209.29,3209.29,3185.73,3185.73,10100560000,0,1,3209.29,3209.29,3185.73,3185.73,10100560000
2016-04-11,3185.73,3230.1,3185.73,3230.1,12521270000,0,1,3185.73,3230.1,3185.73,3230.1,12521270000
2016-04-12,3230.1,3230.1,3218.45,3218.45,9286944000,0,1,3230.1,3230.1,3218.45,3218.45,9286944000
2016-04-13,3218.45,3261.38,3218.45,3261.38,19561390000,0,1,3218.45,3261.38,3218.45,3261.38,19561390000
2016-04-14,3261.38,3275.83,3261.38,3275.83,11315730000,0,1,3261.38,3275.83,3261.38,3275.83,11315730000
2016-04-15,3275.83,3275.83,3272.21,3272.21,9980753000,0,1,3275.83,3275.83,3272.21,3272.21,9980753000
2016-04-18,3272.21,3272.21,3228.45,3228.45,9709007000,0,1,3272.21,3272.21,3228.45,3228.45,9709007000
2016-04-19,3228.45,3238.3,3228.45,3238.3,8087144000,0,1,3228.45,3238.3,3228.45,3238.3,8087144000
2016-04-20,3238.3,3238.3,3181.03,3181.03,16220790000,0,1,3238.3,3238.3,3181.03,3181.03,16220790000
2016-04-21,3181.03,3181.03,3160.6,3160.6,10475270000,0,1,3181.03,3181.03,3160.6,3160.6,10475270000
2016-04-22,3160.6,3174.9,3160.6,3174.9,7707849000,0,1,3160.6,3174.9,3160.6,3174.9,7707849000
2016-04-25,3174.9,3174.9,3162.03,3162.03,6751935000,0,1,3174.9,3174.9,3162.03,3162.03,6751935000
2016-04-26,3162.03,3179.16,3162.03,3179.16,5902073000,0,1,3162.03,3179.16,3162.03,3179.16,5902073000
2016-04-27,3179.16,3179.16,3165.92,3165.92,6000415000,0,1,3179.16,3179.16,3165.92,3165.92,6000415000
2016-04-28,3165.92,3165.92,3160.58,3160.58,6987066000,0,1,3165.92,3165.92,3160.58,3160.58,6987066000
2016-04-29,3160.58,3160.58,3156.75,3156.75,5802978000,0,1,3160.58,3160.58,3156.75,3156.75,5802978000
2016-05-03,3156.75,3213.54,3156.75,3213.54,9816484000,0,1,3156.75,3213.54,3156.75,3213.54,9816484000
2016-05-04,3213.54,3213.54,3209.46,3209.46,9086241000,0,1,3213.54,3213.54,3209.46,3209.46,9086241000
2016-05-05,3209.46,3213.92,3209.46,3213.92,7473368000,0,1,3209.46,3213.92,3209.46,3213.92,7473368000
2016-05-06,3213.92,3213.92,3130.35,3130.35,10868020000,0,1,3213.92,3213.92,3130.35,3130.35,10868020000
2016-05-09,3130.35,3130.35,3065.62,3065.62,9923047000,0,1,3130.35,3130.35,3065.62,3065.62,9923047000
2016-05-10,3065.62,3069.11,3065.62,3069.11,6884994000,0,1,3065.62,3069.11,3065.62,3069.11,6884994000
2016-05-11,3069.11,3082.81,3069.11,3082.81,8179426000,0,1,3069.11,3082.81,3069.11,3082.81,8179426000
2016-05-12,3082.81,3090.14,3082.81,3090.14,7876573000,0,1,3082.81,3090.14,3082.81,3090.14,7876573000
2016-05-13,3090.14,3090.14,3074.94,3074.94,6262975000,0,1,3090.14,3090.14,3074.94,3074.94,6262975000
2016-05-16,3074.94,3095.31,3074.94,3095.31,5946186000,0,1,3074.94,3095.31,3074.94,3095.31,5946186000
2016-05-17,3095.31,3095.31,3086.02,3086.02,6527813000,0,1,3095.31,3095.31,3086.02,3086.02,6527813000
2016-05-18,3086.02,3086.02,3068.04,3068.04,8271537000,0,1,3086.02,3086.02,3068.04,3068.04,8271537000
2016-05-19,3068.04,3068.04,3062.5,3062.5,6044417000,0,1,3068.04,3068.04,3062.5,3062.5,6044417000
2016-05-20,3062.5,3078.22,3062.5,3078.22,5608084000,0,1,3062.5,3078.22,3062.5,3078.22,5608084000
2016-05-23,3078.22,3087.22,3078.22,3087.22,5969722000,0,1,3078.22,3087.22,3078.22,3087.22,5969722000
2016-05-24,3087.22,3087.22,3063.56,3063.56,5873439000,0,1,3087.22,3087.22,3063.56,3063.56,5873439000
2016-05-25,3063.56,3063.56,3059.23,3059.23,5665281000,0,1,3063.56,3063.56,3059.23,3059.23,5665281000
2016-05-26,3059.23,3064.21,3059.23,3064.21,6039298000,0,1,3059.23,3064.21,3059.23,3064.21,6039298000
2016-05-27,3064.21,3064.21,3062.5,3062.5,6046875000,0,1,3064.21,3064.21,3062.5,3062.5,6046875000
2016-05-30,3062.5,3066.71,3062.5,3066.71,6309858000,0,1,3062.5,3066.71,3062.5,3066.71,6309858000
2016-05-31,3066.71,3169.56,3066.71,3169.56,13886310000,0,1,3066.71,3169.56,3066.71,3169.56,13886310000
2016-06-01,3169.56,3169.56,3160.55,3160.55,11314850000,0,1,3169.56,3169.56,3160.55,3160.55,11314850000
2016-06-02,3160.55,3167.1,3160.55,3167.1,8600343000,0,1,3160.55,3167.1,3160.55,3167.1,8600343000
2016-06-03,3167.1,3189.33,3167.1,3189.33,10149180000,0,1,3167.1,3189.33,3167.1,3189.33,10149180000
2016-06-06,3189.33,3189.33,3178.79,3178.79,7669375000,0,1,3189.33,3189.33,3178.79,3178.79,7669375000
2016-06-07,3178.79,3178.79,3177.05,3177.05,6892831000,0,1,3178.79,3178.79,3177.05,3177.05,6892831000
2016-06-08,3177.05,3177.05,3163.99,3163.99,7629177000,0,1,3177.05,3177.05,3163.99,3163.99,7629177000
2016-06-13,3163.99,3163.99,3066.34,3066.34,9297594000,0,1,3163.99,3163.99,3066.34,3066.34,9297594000
2016-06-14,3066.34,3075.98,3066.34,3075.98,6627946000,0,1,3066.34,3075.98,3066.34,3075.98,6627946000
2016-06-15,3075.98,3116.37,3075.98,3116.37,8739326000,0,1,3075.98,3116.37,3075.98,3116.37,8739326000
2016-06-16,3116.37,3116.37,3094.67,3094.67,8297470000,0,1,3116.37,3116.37,3094.67,3094.67,8297470000
2016-06-17,3094.67,3110.36,3094.67,3110.36,8540299000,0,1,3094.67,3110.36,3094.67,3110.36,8540299000
2016-06-20,3110.36,3112.67,3110.36,3112.67,6358714000,0,1,3110.36,3112.67,3110.36,3112.67,6358714000
2016-06-21,3112.67,3112.67,3106.32,3106.32,8796535000,0,1,3112.67,3112.67,3106.32,3106.32,8796535000
2016-06-22,3106.32,3133.96,3106.32,3133.96,6648711000,0,1,3106.32,3133.96,3106.32,3133.96,6648711000
2016-06-23,3133.96,3133.96,3117.32,3117.32,6775174000,0,1,3133.96,3133.96,3117.32,3117.32,6775174000
2016-06-24,3117.32,3117.32,3077.16,3077.16,10479220000,0,1,3117.32,3117.32,3077.16,3077.16,10479220000
2016-06-27,3077.16,3120.54,3077.16,3120.54,8326726000,0,1,3077.16,3120.54,3077.16,3120.54,8326726000
2016-06-28,3120.54,3136.4,3120.54,3136.4,9202464000,0,1,3120.54,3136.4,3120.54,3136.4,9202464000
2016-06-29,3136.4,3151.39,3136.4,3151.39,10372370000,0,1,3136.4,3151.39,3136.4,3151.39,10372370000
2016-06-30,3151.39,3153.92,3151.39,3153.92,7969262000,0,1,3151.39,3153.92,3151.39,3153.92,7969262000
2016-07-01,3153.92,3154.2,3153.92,3154.2,7174628000,0,1,3153.92,3154.2,3153.92,3154.2,7174628000
2016-07-04,3154.2,3204.7,3154.2,3204.7,13331050000,0,1,3154.2,3204.7,3154.2,3204.7,13331050000
2016-07-05,3204.7,3207.38,3204.7,3207.38,13022690000,0,1,3204.7,3207.38,3204.7,3207.38,13022690000
2016-07-06,3207.38,3216.8,3207.38,3216.8,12489750000,0,1,3207.38,3216.8,3207.38,3216.8,12489750000
2016-07-07,3216.8,3216.8,3209.95,3209.95,11859520000,0,1,3216.8,3216.8,3209.95,3209.95,11859520000
2016-07-08,3209.95,3209.95,3192.28,3192.28,8973485000,0,1,3209.95,3209.95,3192.28,3192.28,8973485000
2016-07-11,3192.28,3203.33,3192.28,3203.33,13852950000,0,1,3192.28,3203.33,3192.28,3203.33,13852950000
2016-07-12,3203.33,3273.18,3203.33,3273.18,17253420000,0,1,3203.33,3273.18,3203.33,3273.18,17253420000
2016-07-13,3273.18,3282.87,3273.18,3282.87,17519610000,0,1,3273.18,3282.87,3273.18,3282.87,17519610000
2016-07-14,3282.87,3282.87,3276.76,3276.76,10752580000,0,1,3282.87,3282.87,3276.76,3276.76,10752580000
2016-07-15,3276.76,3276.76,3276.28,3276.28,10266500000,0,1,3276.76,3276.76,3276.28,3276.28,10266500000
2016-07-18,3276.28,3276.28,3262.02,3262.02,11031250000,0,1,3276.28,3276.28,3262.02,3262.02,11031250000
2016-07-19,3262.02,3262.02,3248.23,3248.23,8888686000,0,1,3262.02,3262.02,3248.23,3248.23,8888686000
2016-07-20,3248.23,3248.23,3237.61,3237.61,7270126000,0,1,3248.23,3248.23,3237.61,3237.61,7270126000
2016-07-21,3237.61,3252.52,3237.61,3252.52,8600483000,0,1,3237.61,3252.52,3237.61,3252.52,8600483000
2016-07-22,3252.52,3252.52,3225.16,3225.16,8602913000,0,1,3252.52,3252.52,3225.16,3225.16,8602913000
2016-07-25,3225.16,3230.89,3225.16,3230.89,7020319000,0,1,3225.16,3230.89,3225.16,3230.89,7020319000
2016-07-26,3230.89,3269.59,3230.89,3269.59,8105109000,0,1,3230.89,3269.59,3230.89,3269.59,8105109000
2016-07-27,3269.59,3269.59,3218.24,3218.24,16018870000,0,1,3269.59,3269.59,3218.24,3218.24,16018870000
2016-07-28,3218.24,3221.14,3218.24,3221.14,11278000000,0,1,3218.24,3221.14,3218.24,3221.14,11278000000
2016-07-29,3221.14,3221.14,3203.93,3203.93,8804484000,0,1,3221.14,3221.14,3203.93,3203.93,8804484000
2016-08-01,3203.93,3203.93,3176.81,3176.81,8700349000,0,1,3203.93,3203.93,3176.81,3176.81,8700349000
2016-08-02,3176.81,3189.05,3176.81,3189.05,6216764000,0,1,3176.81,3189.05,3176.81,3189.05,6216764000
2016-08-03,3189.05,3193.51,3189.05,3193.51,7286410000,0,1,3189.05,3193.51,3189.05,3193.51,7286410000
2016-08-04,3193.51,3201.29,3193.51,3201.29,7350437000,0,1,3193.51,3201.29,3193.51,3201.29,7350437000
2016-08-05,3201.29,3205.11,3201.29,3205.11,7719636000,0,1,3201.29,3205.11,3201.29,3205.11,7719636000
2016-08-08,3205.11,3234.18,3205.11,3234.18,8667605000,0,1,3205.11,3234.18,3205.11,3234.18,8667605000
2016-08-09,3234.18,3256.98,3234.18,3256.98,9106526000,0,1,3234.18,3256.98,3234.18,3256.98,9106526000
2016-08-10,3256.98,3256.98,3243.34,3243.34,9043037000,0,1,3256.98,3256.98,3243.34,3243.34,9043037000
2016-08-11,3243.34,3243.34,3233.36,3233.36,10104120000,0,1,3243.34,3243.34,3233.36,3233.36,10104120000
2016-08-12,3233.36,3294.23,3233.36,3294.23,11625400000,0,1,3233.36,3294.23,3233.36,3294.23,11625400000
2016-08-15,3294.23,3393.42,3294.23,3393.42,22054340000,0,1,3294.23,3393.42,3294.23,3393.42,22054340000
2016-08-16,3393.42,3393.42,3378.25,3378.25,19638970000,0,1,3393.42,3393.42,3378.25,3378.25,19638970000
2016-08-17,3378.25,3378.25,3373.05,3373.05,13884770000,0,1,3378.25,3378.25,3373.05,3373.05,13884770000
2016-08-18,3373.05,3373.05,3364.49,3364.49,14238020000,0,1,3373.05,3373.05,3364.49,3364.49,14238020000
2016-08-19,3364.49,3365.02,3364.49,3365.02,11996150000,0,1,3364.49,3365.02,3364.49,3365.02,11996150000
2016-08-22,3365.02,3365.02,3336.79,3336.79,10795100000,0,1,3365.02,3365.02,3336.79,3336.79,10795100000
2016-08-23,3336.79,3341.83,3336.79,3341.83,9292452000,0,1,3336.79,3341.83,3336.79,3341.83,9292452000
2016-08-24,3341.83,3341.83,3329.86,3329.86,8119143000,0,1,3341.83,3341.83,3329.86,3329.86,8119143000
2016-08-25,3329.86,3329.86,3308.97,3308.97,10058910000,0,1,3329.86,3329.86,3308.97,3308.97,10058910000
2016-08-26,3308.97,3308.97,3307.09,3307.09,8153069000,0,1,3308.97,3308.97,3307.09,3307.09,8153069000
2016-08-29,3307.09,3307.78,3307.09,3307.78,7703633000,0,1,3307.09,3307.78,3307.09,3307.78,7703633000
2016-08-30,3307.78,3311.99,3307.78,3311.99,7572599000,0,1,3307.78,3311.99,3307.78,3311.99,7572599000
2016-08-31,3311.99,3327.79,3311.99,3327.79,7957081000,0,1,3311.99,3327.79,3311.99,3327.79,7957081000
2016-09-01,3327.79,3327.79,3301.58,3301.58,8494722000,0,1,3327.79,3327.79,3301.58,3301.58,8494722000
2016-09-02,3301.58,3314.11,3301.58,3314.11,8279180000,0,1,3301.58,3314.11,3301.58,3314.11,8279180000
2016-09-05,3314.11,3319.68,3314.11,3319.68,7829247000,0,1,3314.11,3319.68,3314.11,3319.68,7829247000
2016-09-06,3319.68,3342.63,3319.68,3342.63,9828400000,0,1,3319.68,3342.63,3319.68,3342.63,9828400000
2016-09-07,3342.63,3342.63,3340.82,3340.82,10294010000,0,1,3342.63,3342.63,3340.82,3340.82,10294010000
2016-09-08,3340.82,3340.82,3339.56,3339.56,7191616000,0,1,3340.82,3340.82,3339.56,3339.56,7191616000
2016-09-09,3339.56,3339.56,3318.04,3318.04,8265703000,0,1,3339.56,3339.56,3318.04,3318.04,8265703000
2016-09-12,3318.04,3318.04,3262.6,3262.6,12291770000,0,1,3318.04,3318.04,3262.6,3262.6,12291770000
2016-09-13,3262.6,3262.6,3260.33,3260.33,6718029000,0,1,3262.6,3262.6,3260.33,3260.33,6718029000
2016-09-14,3260.33,3260.33,3238.73,3238.73,7043270000,0,1,3260.33,3260.33,3238.73,3238.73,7043270000
2016-09-19,3238.73,3263.12,3238.73,3263.12,5883108000,0,1,3238.73,3263.12,3238.73,3263.12,5883108000
2016-09-20,3263.12,3263.12,3257.4,3257.4,5278420000,0,1,3263.12,3263.12,3257.4,3257.4,5278420000
2016-09-21,3257.4,3266.64,3257.4,3266.64,5914298000,0,1,3257.4,3266.64,3257.4,3266.64,5914298000
2016-09-22,3266.64,3291.12,3266.64,3291.12,7575354000,0,1,3266.64,3291.12,3266.64,3291.12,7575354000
2016-09-23,3291.12,3291.12,3275.67,3275.67,5799398000,0,1,3291.12,3291.12,3275.67,3275.67,5799398000
2016-09-26,3275.67,3275.67,3220.28,3220.28,7045219000,0,1,3275.67,3275.67,3220.28,3220.28,7045219000
2016-09-27,3220.28,3240.75,3220.28,3240.75,5846055000,0,1,3220.28,3240.75,3220.28,3240.75,5846055000
2016-09-28,3240.75,3240.75,3230.89,3230.89,4472750000,0,1,3240.75,3240.75,3230.89,3230.89,4472750000
2016-09-29,3230.89,3244.39,3230.89,3244.39,5545255000,0,1,3230.89,3244.39,3230.89,3244.39,5545255000
2016-09-30,3244.39,3253.28,3244.39,3253.28,4497802000,0,1,3244.39,3253.28,3244.39,3253.28,4497802000
2016-10-10,3253.28,3293.87,3253.28,3293.87,8051926000,0,1,3253.28,3293.87,3253.28,3293.87,8051926000
2016-10-11,3293.87,3306.56,3293.87,3306.56,8771317000,0,1,3293.87,3306.56,3293.87,3306.56,8771317000
2016-10-12,3306.56,3306.56,3300.01,3300.01,6866978000,0,1,3306.56,3306.56,3300.01,3300.01,6866978000
2016-10-13,3300.01,3302.65,3300.01,3302.65,8122420000,0,1,3300.01,3302.65,3300.01,3302.65,8122420000
2016-10-14,3302.65,3305.85,3302.65,3305.85,8231627000,0,1,3302.65,3305.85,3302.65,3305.85,8231627000
2016-10-17,3305.85,3305.85,3277.88,3277.88,8611351000,0,1,3305.85,3305.85,3277.88,3277.88,8611351000
2016-10-18,3277.88,3321.33,3277.88,3321.33,10286070000,0,1,3277.88,3321.33,3277.88,3321.33,10286070000
2016-10-19,3321.33,3321.33,3316.24,3316.24,10116770000,0,1,3321.33,3321.33,3316.24,3316.24,10116770000
2016-10-20,3316.24,3318.6,3316.24,3318.6,7923887000,0,1,3316.24,3318.6,3316.24,3318.6,7923887000
2016-10-21,3318.6,3327.74,3318.6,3327.74,10978520000,0,1,3318.6,3327.74,3318.6,3327.74,10978520000
2016-10-24,3327.74,3367.58,3327.74,3367.58,15301430000,0,1,3327.74,3367.58,3327.74,3367.58,15301430000
2016-10-25,3367.58,3367.58,3367.45,3367.45,11119170000,0,1,3367.58,3367.58,3367.45,3367.45,11119170000
2016-10-26,3367.45,3367.45,3354.8,3354.8,9802479000,0,1,3367.45,3367.45,3354.8,3354.8,9802479000
2016-10-27,3354.8,3354.8,3345.7,3345.7,7762985000,0,1,3354.8,3354.8,3345.7,3345.7,7762985000
2016-10-28,3345.7,3345.7,3340.13,3340.13,9313331000,0,1,3345.7,3345.7,3340.13,3340.13,9313331000
2016-10-31,3340.13,3340.13,3336.28,3336.28,7135286000,0,1,3340.13,3340.13,3336.28,3336.28,7135286000
2016-11-01,3336.28,3359.05,3336.28,3359.05,7493820000,0,1,3336.28,3359.05,3336.28,3359.05,7493820000
2016-11-02,3359.05,3359.05,3333.35,3333.35,9119710000,0,1,3359.05,3359.05,3333.35,3333.35,9119710000
2016-11-03,3333.35,3365.09,3333.35,3365.09,12622350000,0,1,3333.35,3365.09,3333.35,3365.09,12622350000
2016-11-04,3365.09,3365.09,3354.17,3354.17,10406970000,0,1,3365.09,3365.09,3354.17,3354.17,10406970000
2016-11-07,3354.17,3356.59,3354.17,3356.59,9987799000,0,1,3354.17,3356.59,3354.17,3356.59,9987799000
2016-11-08,3356.59,3371.12,3356.59,3371.12,10314830000,0,1,3356.59,3371.12,3356.59,3371.12,10314830000
2016-11-09,3371.12,3371.12,3353.05,3353.05,13911010000,0,1,3371.12,3371.12,3353.05,3353.05,13911010000
2016-11-10,3353.05,3390.61,3353.05,3390.61,13470550000,0,1,3353.05,3390.61,3353.05,3390.61,13470550000
2016-11-11,3390.61,3417.22,3390.61,3417.22,19878150000,0,1,3390.61,3417.22,3390.61,3417.22,19878150000
2016-11-14,3417.22,3430.25,3417.22,3430.25,21324710000,0,1,3417.22,3430.25,3417.22,3430.25,21324710000
2016-11-15,3430.25,3430.25,3429.87,3429.87,13456630000,0,1,3430.25,3430.25,3429.87,3429.87,13456630000
2016-11-16,3429.87,3429.87,3429.59,3429.59,12980850000,0,1,3429.87,3429.87,3429.59,3429.59,12980850000
2016-11-17,3429.59,3436.53,3429.59,3436.53,12156170000,0,1,3429.59,3436.53,3429.59,3436.53,12156170000
2016-11-18,3436.53,3436.53,3417.46,3417.46,11595120000,0,1,3436.53,3436.53,3417.46,3417.46,11595120000
2016-11-21,3417.46,3441.11,3417.46,3441.11,14643450000,0,1,3417.46,3441.11,3417.46,3441.11,14643450000
2016-11-22,3441.11,3468.36,3441.11,3468.36,16852340000,0,1,3441.11,3468.36,3441.11,3468.36,16852340000
2016-11-23,3468.36,3474.73,3468.36,3474.73,16238850000,0,1,3468.36,3474.73,3468.36,3474.73,16238850000
2016-11-24,3474.73,3488.74,3474.73,3488.74,14574630000,0,1,3474.73,3488.74,3474.73,3488.74,14574630000
2016-11-25,3488.74,3521.3,3488.74,3521.3,15362150000,0,1,3488.74,3521.3,3488.74,3521.3,15362150000
2016-11-28,3521.3,3535.08,3521.3,3535.08,20737550000,0,1,3521.3,3535.08,3521.3,3535.08,20737550000
2016-11-29,3535.08,3564.04,3535.08,3564.04,23691840000,0,1,3535.08,3564.04,3535.08,3564.04,23691840000
2016-11-30,3564.04,3564.04,3538,3538,17856020000,0,1,3564.04,3564.04,3538,3538,17856020000
2016-12-01,3538,3565.04,3538,3565.04,18017080000,0,1,3538,3565.04,3538,3565.04,18017080000
2016-12-02,3565.04,3565.04,3528.95,3528.95,19635550000,0,1,3565.04,3565.04,3528.95,3528.95,19635550000
2016-12-05,3528.95,3528.95,3469.41,3469.41,18085230000,0,1,3528.95,3528.95,3469.41,3469.41,18085230000
2016-12-06,3469.41,3469.41,3459.15,3459.15,11552910000,0,1,3469.41,3469.41,3459.15,3459.15,11552910000
2016-12-07,3459.15,3475.75,3459.15,3475.75,11434510000,0,1,3459.15,3475.75,3459.15,3475.75,11434510000
2016-12-08,3475.75,3475.75,3470.14,3470.14,11738390000,0,1,3475.75,3475.75,3470.14,3470.14,11738390000
2016-12-09,3470.14,3493.7,3470.14,3493.7,15030330000,0,1,3470.14,3493.7,3470.14,3493.7,15030330000
2016-12-12,3493.7,3493.7,3409.18,3409.18,18746780000,0,1,3493.7,3493.7,3409.18,3409.18,18746780000
2016-12-13,3409.18,3409.18,3405.04,3405.04,12110510000,0,1,3409.18,3409.18,3405.04,3405.04,12110510000
2016-12-14,3405.04,3405.04,3378.95,3378.95,12400770000,0,1,3405.04,3405.04,3378.95,3378.95,12400770000
2016-12-15,3378.95,3378.95,3340.43,3340.43,11496070000,0,1,3378.95,3378.95,3340.43,3340.43,11496070000
2016-12-16,3340.43,3346.03,3340.43,3346.03,9077542000,0,1,3340.43,3346.03,3340.43,3346.03,9077542000
2016-12-19,3346.03,3346.03,3328.98,3328.98,8164068000,0,1,3346.03,3346.03,3328.98,3328.98,8164068000
2016-12-20,3328.98,3328.98,3309.06,3309.06,8756959000,0,1,3328.98,3328.98,3309.06,3309.06,8756959000
2016-12-21,3309.06,3338.54,3309.06,3338.54,10825500000,0,1,3309.06,3338.54,3309.06,3338.54,10825500000
2016-12-22,3338.54,3338.54,3335.67,3335.67,9227725000,0,1,3338.54,3338.54,3335.67,3335.67,9227725000
2016-12-23,3335.67,3335.67,3307.6,3307.6,9744471000,0,1,3335.67,3335.67,3307.6,3307.6,9744471000
2016-12-26,3307.6,3322.4,3307.6,3322.4,8979399000,0,1,3307.6,3322.4,3307.6,3322.4,8979399000
2016-12-27,3322.4,3322.4,3316.39,3316.39,7548636000,0,1,3322.4,3322.4,3316.39,3316.39,7548636000
2016-12-28,3316.39,3316.39,3301.89,3301.89,6900044000,0,1,3316.39,3316.39,3301.89,3301.89,6900044000
2016-12-29,3301.89,3301.89,3297.76,3297.76,7008792000,0,1,3301.89,3301.89,3297.76,3297.76,7008792000
2016-12-30,3297.76,3310.08,3297.76,3310.08,7174412000,0,1,3297.76,3310.08,3297.76,3310.08,7174412000
2017-01-03,3310.08,3342.23,3310.08,3342.23,8656790000,0,1,3310.08,3342.23,3310.08,3342.23,8656790000
2017-01-04,3342.23,3368.31,3342.23,3368.31,9005083000,0,1,3342.23,3368.31,3342.23,3368.31,9005083000
2017-01-05,3368.31,3368.31,3367.79,3367.79,8833635000,0,1,3368.31,3368.31,3367.79,3367.79,8833635000
2017-01-06,3367.79,3367.79,3347.67,3347.67,8745911000,0,1,3367.79,3367.79,3347.67,3347.67,8745911000
2017-01-09,3347.67,3363.9,3347.67,3363.9,8370794000,0,1,3347.67,3363.9,3347.67,3363.9,8370794000
2017-01-10,3363.9,3363.9,3358.27,3358.27,8381916000,0,1,3363.9,3363.9,3358.27,3358.27,8381916000
2017-01-11,3358.27,3358.27,3334.5,3334.5,9107144000,0,1,3358.27,3358.27,3334.5,3334.5,9107144000
2017-01-12,3334.5,3334.5,3317.62,3317.62,8123914000,0,1,3334.5,3334.5,3317.62,3317.62,8123914000
2017-01-13,3317.62,3319.91,3317.62,3319.91,8418059000,0,1,3317.62,3319.91,3317.62,3319.91,8418059000
2017-01-16,3319.91,3319.91,3319.45,3319.45,15777910000,0,1,3319.91,3319.91,3319.45,3319.45,15777910000
2017-01-17,3319.45,3326.36,3319.45,3326.36,6945333000,0,1,3319.45,3326.36,3319.45,3326.36,6945333000
2017-01-18,3326.36,3339.37,3326.36,3339.37,7062323000,0,1,3326.36,3339.37,3326.36,3339.37,7062323000
2017-01-19,3339.37,3339.37,3329.29,3329.29,6615981000,0,1,3339.37,3339.37,3329.29,3329.29,6615981000
2017-01-20,3329.29,3354.89,3329.29,3354.89,6530046000,0,1,3329.29,3354.89,3329.29,3354.89,6530046000
2017-01-23,3354.89,3364.08,3354.89,3364.08,7555750000,0,1,3354.89,3364.08,3354.89,3364.08,7555750000
2017-01-24,3364.08,3364.45,3364.08,3364.45,6619423000,0,1,3364.08,3364.45,3364.08,3364.45,6619423000
2017-01-25,3364.45,3375.9,3364.45,3375.9,5837693000,0,1,3364.45,3375.9,3364.45,3375.9,5837693000
2017-01-26,3375.9,3387.96,3375.9,3387.96,6531665000,0,1,3375.9,3387.96,3375.9,3387.96,6531665000
2017-02-03,3387.96,3387.96,3364.49,3364.49,5518886000,0,1,3387.96,3387.96,3364.49,3364.49,5518886000
2017-02-06,3364.49,3373.21,3364.49,3373.21,6852136000,0,1,3364.49,3373.21,3364.49,3373.21,6852136000
2017-02-07,3373.21,3373.21,3365.68,3365.68,6375446000,0,1,3373.21,3373.21,3365.68,3365.68,6375446000
2017-02-08,3365.68,3383.29,3365.68,3383.29,7540288000,0,1,3365.68,3383.29,3365.68,3383.29,7540288000
2017-02-09,3383.29,3396.29,3383.29,3396.29,9755852000,0,1,3383.29,3396.29,3383.29,3396.29,9755852000
2017-02-10,3396.29,3413.49,3396.29,3413.49,12376870000,0,1,3396.29,3413.49,3396.29,3413.49,12376870000
2017-02-13,3413.49,3436.28,3413.49,3436.28,12014450000,0,1,3413.49,3436.28,3413.49,3436.28,12014450000
2017-02-14,3436.28,3436.28,3435.8,3435.8,9480947000,0,1,3436.28,3436.28,3435.8,3435.8,9480947000
2017-02-15,3435.8,3435.8,3421.71,3421.71,12764330000,0,1,3435.8,3435.8,3421.71,3421.71,12764330000
2017-02-16,3421.71,3440.93,3421.71,3440.93,10827700000,0,1,3421.71,3440.93,3421.71,3440.93,10827700000
2017-02-17,3440.93,3440.93,3421.44,3421.44,11460000000,0,1,3440.93,3440.93,3421.44,3421.44,11460000000
2017-02-20,3421.44,3471.39,3421.44,3471.39,13262890000,0,1,3421.44,3471.39,3421.44,3471.39,13262890000
2017-02-21,3471.39,3482.82,3471.39,3482.82,11484200000,0,1,3471.39,3482.82,3471.39,3482.82,11484200000
2017-02-22,3482.82,3489.76,3482.82,3489.76,10281600000,0,1,3482.82,3489.76,3482.82,3489.76,10281600000
2017-02-23,3489.76,3489.76,3473.32,3473.32,9953633000,0,1,3489.76,3489.76,3473.32,3473.32,9953633000
2017-02-24,3473.32,3473.85,3473.32,3473.85,9553513000,0,1,3473.32,3473.85,3473.32,3473.85,9553513000
2017-02-27,3473.85,3473.85,3446.22,3446.22,9867216000,0,1,3473.85,3473.85,3446.22,3446.22,9867216000
2017-02-28,3446.22,3452.81,3446.22,3452.81,7521526000,0,1,3446.22,3452.81,3446.22,3452.81,7521526000
2017-03-01,3452.81,3458.44,3452.81,3458.44,10326040000,0,1,3452.81,3458.44,3452.81,3458.44,10326040000
2017-03-02,3458.44,3458.44,3435.1,3435.1,8989808000,0,1,3458.44,3458.44,3435.1,3435.1,8989808000
2017-03-03,3435.1,3435.1,3427.86,3427.86,8099465000,0,1,3435.1,3435.1,3427.86,3427.86,8099465000
2017-03-06,3427.86,3446.48,3427.86,3446.48,8307088000,0,1,3427.86,3446.48,3427.86,3446.48,8307088000
2017-03-07,3446.48,3453.96,3446.48,3453.96,8033472000,0,1,3446.48,3453.96,3446.48,3453.96,8033472000
2017-03-08,3453.96,3453.96,3448.73,3448.73,7958769000,0,1,3453.96,3453.96,3448.73,3448.73,7958769000
2017-03-09,3448.73,3448.73,3426.94,3426.94,8457038000,0,1,3448.73,3448.73,3426.94,3426.94,8457038000
2017-03-10,3426.94,3427.89,3426.94,3427.89,7001620000,0,1,3426.94,3427.89,3426.94,3427.89,7001620000
2017-03-13,3427.89,3458.1,3427.89,3458.1,9168413000,0,1,3427.89,3458.1,3427.89,3458.1,9168413000
2017-03-14,3458.1,3458.1,3456.69,3456.69,7707796000,0,1,3458.1,3458.1,3456.69,3456.69,7707796000
2017-03-15,3456.69,3463.64,3456.69,3463.64,7910495000,0,1,3456.69,3463.64,3456.69,3463.64,7910495000
2017-03-16,3463.64,3481.51,3463.64,3481.51,10633390000,0,1,3463.64,3481.51,3463.64,3481.51,10633390000
2017-03-17,3481.51,3481.51,3445.81,3445.81,10375560000,0,1,3481.51,3481.51,3445.81,3445.81,10375560000
2017-03-20,3445.81,3449.61,3445.81,3449.61,8873432000,0,1,3445.81,3449.61,3445.81,3449.61,8873432000
2017-03-21,3449.61,3466.35,3449.61,3466.35,8770785000,0,1,3449.61,3466.35,3449.61,3466.35,8770785000
2017-03-22,3466.35,3466.35,3450.05,3450.05,10493590000,0,1,3466.35,3466.35,3450.05,3450.05,10493590000
2017-03-23,3450.05,3461.98,3450.05,3461.98,9431806000,0,1,3450.05,3461.98,3450.05,3461.98,9431806000
2017-03-24,3461.98,3489.6,3461.98,3489.6,12564580000,0,1,3461.98,3489.6,3461.98,3489.6,12564580000
2017-03-27,3489.6,3489.6,3478.04,3478.04,10701540000,0,1,3489.6,3489.6,3478.04,3478.04,10701540000
2017-03-28,3478.04,3478.04,3469.81,3469.81,8419482000,0,1,3478.04,3478.04,3469.81,3469.81,8419482000
2017-03-29,3469.81,3469.81,3465.19,3465.19,10485170000,0,1,3469.81,3469.81,3465.19,3465.19,10485170000
2017-03-30,3465.19,3465.19,3436.76,3436.76,11637690000,0,1,3465.19,3465.19,3436.76,3436.76,11637690000
2017-03-31,3436.76,3456.05,3436.76,3456.05,9157749000,0,1,3436.76,3456.05,3436.76,3456.05,9157749000
2017-04-05,3456.05,3503.89,3456.05,3503.89,14339900000,0,1,3456.05,3503.89,3456.05,3503.89,14339900000
2017-04-06,3503.89,3514.05,3503.89,3514.05,13676700000,0,1,3503.89,3514.05,3503.89,3514.05,13676700000
2017-04-07,3514.05,3517.46,3514.05,3517.46,14029320000,0,1,3514.05,3517.46,3514.05,3517.46,14029320000
2017-04-10,3517.46,3517.46,3505.14,3505.14,14188740000,0,1,3517.46,3517.46,3505.14,3505.14,14188740000
2017-04-11,3505.14,3517.33,3505.14,3517.33,16594580000,0,1,3505.14,3517.33,3505.14,3517.33,16594580000
2017-04-12,3517.33,3517.33,3509.44,3509.44,18182450000,0,1,3517.33,3517.33,3509.44,3509.44,18182450000
2017-04-13,3509.44,3514.57,3509.44,3514.57,12998180000,0,1,3509.44,3514.57,3509.44,3514.57,12998180000
2017-04-14,3514.57,3514.57,3486.5,3486.5,13547410000,0,1,3514.57,3514.57,3486.5,3486.5,13547410000
2017-04-17,3486.5,3486.5,3479.94,3479.94,11716500000,0,1,3486.5,3486.5,3479.94,3479.94,11716500000
2017-04-18,3479.94,3479.94,3462.74,3462.74,11092780000,0,1,3479.94,3479.94,3462.74,3462.74,11092780000
2017-04-19,3462.74,3462.74,3445.88,3445.88,12134930000,0,1,3462.74,3462.74,3445.88,3445.88,12134930000
2017-04-20,3445.88,3461.55,3445.88,3461.55,11418420000,0,1,3445.88,3461.55,3445.88,3461.55,11418420000
2017-04-21,3461.55,3466.79,3461.55,3466.79,10441910000,0,1,3461.55,3466.79,3461.55,3466.79,10441910000
2017-04-24,3466.79,3466.79,3431.26,3431.26,11466080000,0,1,3466.79,3466.79,3431.26,3431.26,11466080000
2017-04-25,3431.26,3440.97,3431.26,3440.97,9407215000,0,1,3431.26,3440.97,3431.26,3440.97,9407215000
2017-04-26,3440.97,3445.18,3440.97,3445.18,11194000000,0,1,3440.97,3445.18,3440.97,3445.18,11194000000
2017-04-27,3445.18,3446.72,3445.18,3446.72,12329840000,0,1,3445.18,3446.72,3445.18,3446.72,12329840000
2017-04-28,3446.72,3446.72,3439.75,3439.75,10163230000,0,1,3446.72,3446.72,3439.75,3439.75,10163230000
2017-05-02,3439.75,3439.75,3426.58,3426.58,9279746000,0,1,3439.75,3439.75,3426.58,3426.58,9279746000
2017-05-03,3426.58,3426.58,3413.13,3413.13,9166963000,0,1,3426.58,3426.58,3413.13,3413.13,9166963000
2017-05-04,3413.13,3413.13,3404.39,3404.39,10348210000,0,1,3413.13,3413.13,3404.39,3404.39,10348210000
2017-05-05,3404.39,3404.39,3382.55,3382.55,10989530000,0,1,3404.39,3404.39,3382.55,3382.55,10989530000
2017-05-08,3382.55,3382.55,3358.81,3358.81,12374930000,0,1,3382.55,3382.55,3358.81,3358.81,12374930000
2017-05-09,3358.81,3358.81,3352.53,3352.53,7677167000,0,1,3358.81,3358.81,3352.53,3352.53,7677167000
2017-05-10,3352.53,3352.53,3337.7,3337.7,9208263000,0,1,3352.53,3352.53,3337.7,3337.7,9208263000
2017-05-11,3337.7,3356.65,3337.7,3356.65,10925290000,0,1,3337.7,3356.65,3337.7,3356.65,10925290000
2017-05-12,3356.65,3385.38,3356.65,3385.38,9338647000,0,1,3356.65,3385.38,3356.65,3385.38,9338647000
2017-05-15,3385.38,3399.19,3385.38,3399.19,8297761000,0,1,3385.38,3399.19,3385.38,3399.19,8297761000
2017-05-16,3399.19,3428.65,3399.19,3428.65,10524240000,0,1,3399.19,3428.65,3399.19,3428.65,10524240000
2017-05-17,3428.65,3428.65,3409.97,3409.97,9973683000,0,1,3428.65,3428.65,3409.97,3409.97,9973683000
2017-05-18,3409.97,3409.97,3398.11,3398.11,8575959000,0,1,3409.97,3409.97,3398.11,3398.11,8575959000
2017-05-19,3398.11,3403.85,3398.11,3403.85,7147353000,0,1,3398.11,3403.85,3398.11,3403.85,7147353000
2017-05-22,3403.85,3411.24,3403.85,3411.24,9253956000,0,1,3403.85,3411.24,3403.85,3411.24,9253956000
2017-05-23,3411.24,3424.19,3411.24,3424.19,11691100000,0,1,3411.24,3424.19,3411.24,3424.19,11691100000
2017-05-24,3424.19,3424.19,3424.17,3424.17,8355316000,0,1,3424.19,3424.19,3424.17,3424.17,8355316000
2017-05-25,3424.17,3485.66,3424.17,3485.66,13072160000,0,1,3424.17,3485.66,3424.17,3485.66,13072160000
2017-05-26,3485.66,3485.66,3480.43,3480.43,10324120000,0,1,3485.66,3485.66,3480.43,3480.43,10324120000
2017-05-31,3480.43,3492.88,3480.43,3492.88,10482970000,0,1,3480.43,3492.88,3480.43,3492.88,10482970000
2017-06-01,3492.88,3497.74,3492.88,3497.74,10312770000,0,1,3492.88,3497.74,3492.88,3497.74,10312770000
2017-06-02,3497.74,3497.74,3486.51,3486.51,8266801000,0,1,3497.74,3497.74,3486.51,3486.51,8266801000
2017-06-05,3486.51,3486.51,3468.75,3468.75,7973815000,0,1,3486.51,3486.51,3468.75,3468.75,7973815000
2017-06-06,3468.75,3492.88,3468.75,3492.88,6408939000,0,1,3468.75,3492.88,3468.75,3492.88,6408939000
2017-06-07,3492.88,3533.87,3492.88,3533.87,10442000000,0,1,3492.88,3533.87,3492.88,3533.87,10442000000
2017-06-08,3533.87,3560.98,3533.87,3560.98,9022491000,0,1,3533.87,3560.98,3533.87,3560.98,9022491000
2017-06-09,3560.98,3576.17,3560.98,3576.17,10118830000,0,1,3560.98,3576.17,3560.98,3576.17,10118830000
2017-06-12,3576.17,3576.17,3574.39,3574.39,9038117000,0,1,3576.17,3576.17,3574.39,3574.39,9038117000
2017-06-13,3574.39,3582.27,3574.39,3582.27,7517714000,0,1,3574.39,3582.27,3574.39,3582.27,7517714000
2017-06-14,3582.27,3582.27,3535.3,3535.3,8381079000,0,1,3582.27,3582.27,3535.3,3535.3,8381079000
2017-06-15,3535.3,3535.3,3528.79,3528.79,8263254000,0,1,3535.3,3535.3,3528.79,3528.79,8263254000
2017-06-16,3528.79,3528.79,3518.76,3518.76,7645271000,0,1,3528.79,3528.79,3518.76,3518.76,7645271000
2017-06-19,3518.76,3553.67,3518.76,3553.67,7979714000,0,1,3518.76,3553.67,3518.76,3553.67,7979714000
2017-06-20,3553.67,3553.67,3546.49,3546.49,8050956000,0,1,3553.67,3553.67,3546.49,3546.49,8050956000
2017-06-21,3546.49,3587.95,3546.49,3587.95,8785982000,0,1,3546.49,3587.95,3546.49,3587.95,8785982000
2017-06-22,3587.95,3590.34,3587.95,3590.34,13552700000,0,1,3587.95,3590.34,3587.95,3590.34,13552700000
2017-06-23,3590.34,3622.88,3590.34,3622.88,10512910000,0,1,3590.34,3622.88,3590.34,3622.88,10512910000
2017-06-26,3622.88,3668.09,3622.88,3668.09,13463800000,0,1,3622.88,3668.09,3622.88,3668.09,13463800000
2017-06-27,3668.09,3674.72,3668.09,3674.72,9755870000,0,1,3668.09,3674.72,3668.09,3674.72,9755870000
2017-06-28,3674.72,3674.72,3646.17,3646.17,9792086000,0,1,3674.72,3674.72,3646.17,3646.17,9792086000
2017-06-29,3646.17,3668.83,3646.17,3668.83,8558950000,0,1,3646.17,3668.83,3646.17,3668.83,8558950000
2017-06-30,3668.83,3668.83,3666.8,3666.8,8151003000,0,1,3668.83,3668.83,3666.8,3666.8,8151003000
2017-07-03,3666.8,3666.8,3650.85,3650.85,8882086000,0,1,3666.8,3666.8,3650.85,3650.85,8882086000
2017-07-04,3650.85,3650.85,3619.98,3619.98,9507142000,0,1,3650.85,3650.85,3619.98,3619.98,9507142000
2017-07-05,3619.98,3659.68,3619.98,3659.68,8823243000,0,1,3619.98,3659.68,3619.98,3659.68,8823243000
2017-07-06,3659.68,3660.1,3659.68,3660.1,10237920000,0,1,3659.68,3660.1,3659.68,3660.1,10237920000
2017-07-07,3660.1,3660.1,3655.93,3655.93,10373550000,0,1,3660.1,3660.1,3655.93,3655.93,10373550000
2017-07-10,3655.93,3655.93,3653.69,3653.69,12059190000,0,1,3655.93,3655.93,3653.69,3653.69,12059190000
2017-07-11,3653.69,3670.81,3653.69,3670.81,11876080000,0,1,3653.69,3670.81,3653.69,3670.81,11876080000
2017-07-12,3670.81,3670.81,3658.82,3658.82,12228780000,0,1,3670.81,3670.81,3658.82,3658.82,12228780000
2017-07-13,3658.82,3686.92,3658.82,3686.92,12566960000,0,1,3658.82,3686.92,3658.82,3686.92,12566960000
2017-07-14,3686.92,3703.09,3686.92,3703.09,10551400000,0,1,3686.92,3703.09,3686.92,3703.09,10551400000
2017-07-17,3703.09,3703.09,3663.56,3663.56,17882160000,0,1,3703.09,3703.09,3663.56,3663.56,17882160000
2017-07-18,3663.56,3667.18,3663.56,3667.18,12462210000,0,1,3663.56,3667.18,3663.56,3667.18,12462210000
2017-07-19,3667.18,3729.75,3667.18,3729.75,18247780000,0,1,3667.18,3729.75,3667.18,3729.75,18247780000
2017-07-20,3729.75,3747.88,3729.75,3747.88,14241000000,0,1,3729.75,3747.88,3729.75,3747.88,14241000000
2017-07-21,3747.88,3747.88,3728.6,3728.6,11794120000,0,1,3747.88,3747.88,3728.6,3728.6,11794120000
2017-07-24,3728.6,3743.47,3728.6,3743.47,13486870000,0,1,3728.6,3743.47,3728.6,3743.47,13486870000
2017-07-25,3743.47,3743.47,3719.56,3719.56,12167210000,0,1,3743.47,3743.47,3719.56,3719.56,12167210000
2017-07-26,3719.56,3719.56,3705.39,3705.39,13632520000,0,1,3719.56,3719.56,3705.39,3705.39,13632520000
2017-07-27,3705.39,3712.2,3705.39,3712.2,14500290000,0,1,3705.39,3712.2,3705.39,3712.2,14500290000
2017-07-28,3712.2,3721.89,3712.2,3721.89,11141140000,0,1,3712.2,3721.89,3712.2,3721.89,11141140000
2017-07-31,3721.89,3737.87,3721.89,3737.87,14842900000,0,1,3721.89,3737.87,3721.89,3737.87,14842900000
2017-08-01,3737.87,3770.38,3737.87,3770.38,15254650000,0,1,3737.87,3770.38,3737.87,3770.38,15254650000
2017-08-02,3770.38,3770.38,3760.85,3760.85,17229340000,0,1,3770.38,3770.38,3760.85,3760.85,17229340000
2017-08-03,3760.85,3760.85,3727.83,3727.83,14615390000,0,1,3760.85,3760.85,3727.83,3727.83,14615390000
2017-08-04,3727.83,3727.83,3707.58,3707.58,15747010000,0,1,3727.83,3727.83,3707.58,3707.58,15747010000
2017-08-07,3707.58,3726.8,3707.58,3726.8,12423150000,0,1,3707.58,3726.8,3707.58,3726.8,12423150000
2017-08-08,3726.8,3732.21,3726.8,3732.21,13724190000,0,1,3726.8,3732.21,3726.8,3732.21,13724190000
2017-08-09,3732.21,3732.21,3731.04,3731.04,12468000000,0,1,3732.21,3732.21,3731.04,3731.04,12468000000
2017-08-10,3731.04,3731.04,3715.92,3715.92,13008510000,0,1,3731.04,3731.04,3715.92,3715.92,13008510000
2017-08-11,3715.92,3715.92,3647.35,3647.35,15038740000,0,1,3715.92,3715.92,3647.35,3647.35,15038740000
2017-08-14,3647.35,3694.68,3647.35,3694.68,11530850000,0,1,3647.35,3694.68,3647.35,3694.68,11530850000
2017-08-15,3694.68,3706.06,3694.68,3706.06,10644490000,0,1,3694.68,3706.06,3694.68,3706.06,10644490000
2017-08-16,3706.06,3706.06,3701.42,3701.42,10413410000,0,1,3706.06,3706.06,3701.42,3701.42,10413410000
2017-08-17,3701.42,3721.28,3701.42,3721.28,10865630000,0,1,3701.42,3721.28,3701.42,3721.28,10865630000
2017-08-18,3721.28,3724.68,3721.28,3724.68,9656170000,0,1,3721.28,3724.68,3721.28,3724.68,9656170000
2017-08-21,3724.68,3740.99,3724.68,3740.99,10031310000,0,1,3724.68,3740.99,3724.68,3740.99,10031310000
2017-08-22,3740.99,3752.3,3740.99,3752.3,10029290000,0,1,3740.99,3752.3,3740.99,3752.3,10029290000
2017-08-23,3752.3,3756.09,3752.3,3756.09,10496160000,0,1,3752.3,3756.09,3752.3,3756.09,10496160000
2017-08-24,3756.09,3756.09,3734.65,3734.65,8994737000,0,1,3756.09,3756.09,3734.65,3734.65,8994737000
2017-08-25,3734.65,3795.75,3734.65,3795.75,12994090000,0,1,3734.65,3795.75,3734.65,3795.75,12994090000
2017-08-28,3795.75,3842.71,3795.75,3842.71,18557630000,0,1,3795.75,3842.71,3795.75,3842.71,18557630000
2017-08-29,3842.71,3842.71,3834.54,3834.54,12822710000,0,1,3842.71,3842.71,3834.54,3834.54,12822710000
2017-08-30,3834.54,3834.54,3834.3,3834.3,14135290000,0,1,3834.54,3834.54,3834.3,3834.3,14135290000
2017-08-31,3834.3,3834.3,3822.09,3822.09,13294490000,0,1,3834.3,3834.3,3822.09,3822.09,13294490000
2017-09-01,3822.09,3830.54,3822.09,3830.54,15864550000,0,1,3822.09,3830.54,3822.09,3830.54,15864550000
2017-09-04,3830.54,3845.62,3830.54,3845.62,14956630000,0,1,3830.54,3845.62,3830.54,3845.62,14956630000
2017-09-05,3845.62,3857.05,3845.62,3857.05,12496420000,0,1,3845.62,3857.05,3845.62,3857.05,12496420000
2017-09-06,3857.05,3857.05,3849.45,3849.45,13139870000,0,1,3857.05,3857.05,3849.45,3849.45,13139870000
2017-09-07,3849.45,3849.45,3829.87,3829.87,12388420000,0,1,3849.45,3849.45,3829.87,3829.87,12388420000
2017-09-08,3829.87,3829.87,3825.99,3825.99,10603650000,0,1,3829.87,3829.87,3825.99,3825.99,10603650000
2017-09-11,3825.99,3825.99,3825.64,3825.64,12388400000,0,1,3825.99,3825.99,3825.64,3825.64,12388400000
2017-09-12,3825.64,3837.93,3825.64,3837.93,14419020000,0,1,3825.64,3837.93,3825.64,3837.93,14419020000
2017-09-13,3837.93,3842.61,3837.93,3842.61,9541079000,0,1,3837.93,3842.61,3837.93,3842.61,9541079000
2017-09-14,3842.61,3842.61,3829.96,3829.96,11535860000,0,1,3842.61,3842.61,3829.96,3829.96,11535860000
2017-09-15,3829.96,3831.3,3829.96,3831.3,12242700000,0,1,3829.96,3831.3,3829.96,3831.3,12242700000
2017-09-18,3831.3,3843.14,3831.3,3843.14,11793440000,0,1,3831.3,3843.14,3831.3,3843.14,11793440000
2017-09-19,3843.14,3843.14,3832.12,3832.12,11243300000,0,1,3843.14,3843.14,3832.12,3832.12,11243300000
2017-09-20,3832.12,3842.43,3832.12,3842.43,10112950000,0,1,3832.12,3842.43,3832.12,3842.43,10112950000
2017-09-21,3842.43,3842.43,3837.82,3837.82,11109820000,0,1,3842.43,3842.43,3837.82,3837.82,11109820000
2017-09-22,3837.82,3837.82,3837.73,3837.73,10061980000,0,1,3837.82,3837.82,3837.73,3837.73,10061980000
2017-09-25,3837.73,3837.73,3817.79,3817.79,10394900000,0,1,3837.73,3837.73,3817.79,3817.79,10394900000
2017-09-26,3817.79,3820.78,3817.79,3820.78,8186941000,0,1,3817.79,3820.78,3817.79,3820.78,8186941000
2017-09-27,3820.78,3821.2,3820.78,3821.2,8565581000,0,1,3820.78,3821.2,3820.78,3821.2,8565581000
2017-09-28,3821.2,3822.54,3821.2,3822.54,9354407000,0,1,3821.2,3822.54,3821.2,3822.54,9354407000
2017-09-29,3822.54,3836.5,3822.54,3836.5,9330603000,0,1,3822.54,3836.5,3822.54,3836.5,9330603000
2017-10-09,3836.5,3882.21,3836.5,3882.21,13553590000,0,1,3836.5,3882.21,3836.5,3882.21,13553590000
2017-10-10,3882.21,3889.86,3882.21,3889.86,11253260000,0,1,3882.21,3889.86,3882.21,3889.86,11253260000
2017-10-11,3889.86,3902.69,3889.86,3902.69,10441815071,0,1,3889.86,3902.69,3889.86,3902.69,10441815071
2017-10-12,3902.69,3912.95,3902.69,3912.95,9434092113,0,1,3902.69,3912.95,3902.69,3912.95,9434092113
2017-10-13,3912.95,3921,3912.95,3921,9014206805,0,1,3912.95,3921,3912.95,3921,9014206805
2017-10-16,3921,3921,3913.45,3913.45,12135503276,0,1,3921,3921,3913.45,3913.45,12135503276
2017-10-17,3913.45,3913.45,3913.07,3913.07,8224122705,0,1,3913.45,3913.45,3913.07,3913.07,8224122705
2017-10-18,3913.07,3944.16,3913.07,3944.16,10096984109,0,1,3913.07,3944.16,3913.07,3944.16,10096984109
2017-10-19,3944.16,3944.16,3931.25,3931.25,10652725169,0,1,3944.16,3944.16,3931.25,3931.25,10652725169
2017-10-20,3931.25,3931.25,3926.85,3926.85,7298018026,0,1,3931.25,3931.25,3926.85,3926.85,7298018026
2017-10-23,3926.85,3930.8,3926.85,3930.8,8148497980,0,1,3926.85,3930.8,3926.85,3930.8,8148497980
2017-10-24,3930.8,3959.39,3930.8,3959.39,9305815405,0,1,3930.8,3959.39,3930.8,3959.39,9305815405
2017-10-25,3959.39,3976.95,3959.39,3976.95,8820545769,0,1,3959.39,3976.95,3959.39,3976.95,8820545769
2017-10-26,3976.95,3993.58,3976.95,3993.58,12989546492,0,1,3976.95,3993.58,3976.95,3993.58,12989546492
2017-10-27,3993.58,4021.97,3993.58,4021.97,12667284558,0,1,3993.58,4021.97,3993.58,4021.97,12667284558
2017-10-30,4021.97,4021.97,4009.72,4009.72,15738760341,0,1,4021.97,4021.97,4009.72,4009.72,15738760341
2017-10-31,4009.72,4009.72,4006.72,4006.72,10917877865,0,1,4009.72,4009.72,4006.72,4006.72,10917877865
2017-11-01,4006.72,4006.72,3996.62,3996.62,13041738010,0,1,4006.72,4006.72,3996.62,3996.62,13041738010
2017-11-02,3996.62,3997.13,3996.62,3997.13,12610057858,0,1,3996.62,3997.13,3996.62,3997.13,12610057858
2017-11-03,3997.13,3997.13,3992.7,3992.7,12940443942,0,1,3997.13,3997.13,3992.7,3992.7,12940443942
2017-11-06,3992.7,4020.89,3992.7,4020.89,12208115912,0,1,3992.7,4020.89,3992.7,4020.89,12208115912
2017-11-07,4020.89,4054.25,4020.89,4054.25,15211666253,0,1,4020.89,4054.25,4020.89,4054.25,15211666253
2017-11-08,4054.25,4054.25,4048.01,4048.01,15082771878,0,1,4054.25,4054.25,4048.01,4048.01,15082771878
2017-11-09,4048.01,4075.9,4048.01,4075.9,12105633459,0,1,4048.01,4075.9,4048.01,4075.9,12105633459
2017-11-10,4075.9,4111.91,4075.9,4111.91,14181716456,0,1,4075.9,4111.91,4075.9,4111.91,14181716456
2017-11-13,4111.91,4128.07,4111.91,4128.07,15144630918,0,1,4111.91,4128.07,4111.91,4128.07,15144630918
2017-11-14,4128.07,4128.07,4099.35,4099.35,14323693555,0,1,4128.07,4128.07,4099.35,4099.35,14323693555
2017-11-15,4099.35,4099.35,4073.67,4073.67,12063569552,0,1,4099.35,4099.35,4073.67,4073.67,12063569552
2017-11-16,4073.67,4105.01,4073.67,4105.01,12138441404,0,1,4073.67,4105.01,4073.67,4105.01,12138441404
2017-11-17,4105.01,4120.85,4105.01,4120.85,19178411932,0,1,4105.01,4120.85,4105.01,4120.85,19178411932
2017-11-20,4120.85,4143.83,4120.85,4143.83,13744725817,0,1,4120.85,4143.83,4120.85,4143.83,13744725817
2017-11-21,4143.83,4217.7,4143.83,4217.7,18035082076,0,1,4143.83,4217.7,4143.83,4217.7,18035082076
2017-11-22,4217.7,4227.57,4217.7,4227.57,18647700291,0,1,4217.7,4227.57,4217.7,4227.57,18647700291
2017-11-23,4227.57,4227.57,4102.4,4102.4,17814722782,0,1,4227.57,4227.57,4102.4,4102.4,17814722782
2017-11-24,4102.4,4104.2,4102.4,4104.2,13085804045,0,1,4102.4,4104.2,4102.4,4104.2,13085804045
2017-11-27,4104.2,4104.2,4049.95,4049.95,14345526842,0,1,4104.2,4104.2,4049.95,4049.95,14345526842
2017-11-28,4049.95,4055.82,4049.95,4055.82,10205809513,0,1,4049.95,4055.82,4049.95,4055.82,10205809513
2017-11-29,4055.82,4055.82,4053.75,4053.75,12455364159,0,1,4055.82,4055.82,4053.75,4053.75,12455364159
2017-11-30,4053.75,4053.75,4006.1,4006.1,10798334484,0,1,4053.75,4053.75,4006.1,4006.1,10798334484
2017-12-01,4006.1,4006.1,3998.14,3998.14,9738691301,0,1,4006.1,4006.1,3998.14,3998.14,9738691301
2017-12-04,3998.14,4018.86,3998.14,4018.86,10264721905,0,1,3998.14,4018.86,3998.14,4018.86,10264721905
2017-12-05,4018.86,4040.17,4018.86,4040.17,15408707588,0,1,4018.86,4040.17,4018.86,4040.17,15408707588
2017-12-06,4040.17,4040.17,4015.82,4015.82,10928620521,0,1,4040.17,4040.17,4015.82,4015.82,10928620521
2017-12-07,4015.82,4015.82,3971.06,3971.06,9025404516,0,1,4015.82,4015.82,3971.06,3971.06,9025404516
2017-12-08,3971.06,4003.38,3971.06,4003.38,8928286077,0,1,3971.06,4003.38,3971.06,4003.38,8928286077
2017-12-11,4003.38,4069.5,4003.38,4069.5,9714894622,0,1,4003.38,4069.5,4003.38,4069.5,9714894622
2017-12-12,4069.5,4069.5,4016.02,4016.02,8433871814,0,1,4069.5,4069.5,4016.02,4016.02,8433871814
2017-12-13,4016.02,4050.09,4016.02,4050.09,7754613109,0,1,4016.02,4050.09,4016.02,4050.09,7754613109
2017-12-14,4050.09,4050.09,4026.15,4026.15,8076886188,0,1,4050.09,4050.09,4026.15,4026.15,8076886188
2017-12-15,4026.15,4026.15,3980.86,3980.86,8904438944,0,1,4026.15,4026.15,3980.86,3980.86,8904438944
2017-12-18,3980.86,3985.29,3980.86,3985.29,7785337451,0,1,3980.86,3985.29,3980.86,3985.29,7785337451
2017-12-19,3985.29,4035.33,3985.29,4035.33,7752898484,0,1,3985.29,4035.33,3985.29,4035.33,7752898484
2017-12-20,4035.33,4035.33,4030.49,4030.49,9060450275,0,1,4035.33,4035.33,4030.49,4030.49,9060450275
2017-12-21,4030.49,4067.85,4030.49,4067.85,9683608890,0,1,4030.49,4067.85,4030.49,4067.85,9683608890
2017-12-22,4067.85,4067.85,4054.6,4054.6,7347368403,0,1,4067.85,4067.85,4054.6,4054.6,7347368403
2017-12-25,4054.6,4054.6,4041.54,4041.54,9192696229,0,1,4054.6,4054.6,4041.54,4041.54,9192696229
2017-12-26,4041.54,4053.62,4041.54,4053.62,9111878977,0,1,4041.54,4053.62,4041.54,4053.62,9111878977
2017-12-27,4053.62,4053.62,3991.21,3991.21,10515357706,0,1,4053.62,4053.62,3991.21,3991.21,10515357706
2017-12-28,3991.21,4018.9,3991.21,4018.9,11854288637,0,1,3991.21,4018.9,3991.21,4018.9,11854288637
2017-12-29,4018.9,4030.86,4018.9,4030.86,9048668270,0,1,4018.9,4030.86,4018.9,4030.86,9048668270
2018-01-02,4030.86,4087.4,4030.86,4087.4,14693543517,0,1,4030.86,4087.4,4030.86,4087.4,14693543517
2018-01-03,4087.4,4111.39,4087.4,4111.39,15185221812,0,1,4087.4,4111.39,4087.4,4111.39,15185221812
2018-01-04,4111.39,4128.81,4111.39,4128.81,13454379363,0,1,4111.39,4128.81,4111.39,4128.81,13454379363
2018-01-05,4128.81,4138.75,4128.81,4138.75,14900987246,0,1,4128.81,4138.75,4128.81,4138.75,14900987246
2018-01-08,4138.75,4160.16,4138.75,4160.16,17387766554,0,1,4138.75,4160.16,4138.75,4160.16,17387766554
2018-01-09,4160.16,4189.3,4160.16,4189.3,13903429447,0,1,4160.16,4189.3,4160.16,4189.3,13903429447
2018-01-10,4189.3,4207.81,4189.3,4207.81,15112166621,0,1,4189.3,4207.81,4189.3,4207.81,15112166621
2018-01-11,4207.81,4207.81,4205.59,4205.59,12157853943,0,1,4207.81,4207.81,4205.59,4205.59,12157853943
2018-01-12,4205.59,4225,4205.59,4225,11135479365,0,1,4205.59,4225,4205.59,4225,11135479365
2018-01-15,4225,4225.24,4225,4225.24,17090789686,0,1,4225,4225.24,4225,4225.24,17090789686
2018-01-16,4225.24,4258.47,4225.24,4258.47,16149496319,0,1,4225.24,4258.47,4225.24,4258.47,16149496319
2018-01-17,4258.47,4258.47,4248.12,4248.12,21431103206,0,1,4258.47,4258.47,4248.12,4248.12,21431103206
2018-01-18,4248.12,4271.42,4248.12,4271.42,17203284556,0,1,4248.12,4271.42,4248.12,4271.42,17203284556
2018-01-19,4271.42,4285.4,4271.42,4285.4,20949057026,0,1,4271.42,4285.4,4271.42,4285.4,20949057026
2018-01-22,4285.4,4336.6,4285.4,4336.6,17464319492,0,1,4285.4,4336.6,4285.4,4336.6,17464319492
2018-01-23,4336.6,4382.61,4336.6,4382.61,20186758454,0,1,4336.6,4382.61,4336.6,4382.61,20186758454
2018-01-24,4382.61,4389.89,4382.61,4389.89,21981888880,0,1,4382.61,4389.89,4382.61,4389.89,21981888880
2018-01-25,4389.89,4389.89,4365.08,4365.08,19537495012,0,1,4389.89,4389.89,4365.08,4365.08,19537495012
2018-01-26,4365.08,4381.3,4365.08,4381.3,17722723715,0,1,4365.08,4381.3,4365.08,4381.3,17722723715
2018-01-29,4381.3,4381.3,4302.02,4302.02,19110035430,0,1,4381.3,4381.3,4302.02,4302.02,19110035430
2018-01-30,4302.02,4302.02,4256.1,4256.1,13903472987,0,1,4302.02,4302.02,4256.1,4256.1,13903472987
2018-01-31,4256.1,4275.9,4256.1,4275.9,14521016406,0,1,4256.1,4275.9,4256.1,4275.9,14521016406
2018-02-01,4275.9,4275.9,4245.9,4245.9,19000293445,0,1,4275.9,4275.9,4245.9,4245.9,19000293445
2018-02-02,4245.9,4271.23,4245.9,4271.23,14606682660,0,1,4245.9,4271.23,4245.9,4271.23,14606682660
2018-02-05,4271.23,4274.15,4271.23,4274.15,16134779941,0,1,4271.23,4274.15,4271.23,4274.15,16134779941
2018-02-06,4274.15,4274.15,4148.89,4148.89,21491045009,0,1,4274.15,4274.15,4148.89,4148.89,21491045009
2018-02-07,4148.89,4148.89,4050.5,4050.5,20312749279,0,1,4148.89,4148.89,4050.5,4050.5,20312749279
2018-02-08,4050.5,4050.5,4012.05,4012.05,15926998535,0,1,4050.5,4050.5,4012.05,4012.05,15926998535
2018-02-09,4012.05,4012.05,3840.65,3840.65,20634982787,0,1,4012.05,4012.05,3840.65,3840.65,20634982787
2018-02-12,3840.65,3890.1,3840.65,3890.1,11618263680,0,1,3840.65,3890.1,3840.65,3890.1,11618263680
2018-02-13,3890.1,3935.63,3890.1,3935.63,11256588484,0,1,3890.1,3935.63,3890.1,3935.63,11256588484
2018-02-14,3935.63,3966.96,3935.63,3966.96,7108133828,0,1,3935.63,3966.96,3935.63,3966.96,7108133828
2018-02-22,3966.96,4052.73,3966.96,4052.73,10581157128,0,1,3966.96,4052.73,3966.96,4052.73,10581157128
2018-02-23,4052.73,4071.09,4052.73,4071.09,9945874553,0,1,4052.73,4071.09,4052.73,4071.09,9945874553
2018-02-26,4071.09,4118.42,4071.09,4118.42,13788100050,0,1,4071.09,4118.42,4071.09,4118.42,13788100050
2018-02-27,4118.42,4118.42,4058.98,4058.98,12593447000,0,1,4118.42,4118.42,4058.98,4058.98,12593447000
2018-02-28,4058.98,4058.98,4023.64,4023.64,10934359280,0,1,4058.98,4058.98,4023.64,4023.64,10934359280
2018-03-01,4023.64,4049.09,4023.64,4049.09,11019985179,0,1,4023.64,4049.09,4023.64,4049.09,11019985179
2018-03-02,4049.09,4049.09,4016.46,4016.46,9616499972,0,1,4049.09,4049.09,4016.46,4016.46,9616499972
2018-03-05,4016.46,4018.1,4016.46,4018.1,8795254843,0,1,4016.46,4018.1,4016.46,4018.1,8795254843
2018-03-06,4018.1,4066.56,4018.1,4066.56,13876244384,0,1,4018.1,4066.56,4018.1,4066.56,13876244384
2018-03-07,4066.56,4066.56,4036.65,4036.65,10695242609,0,1,4066.56,4066.56,4036.65,4036.65,10695242609
2018-03-08,4036.65,4077.6,4036.65,4077.6,9115581035,0,1,4036.65,4077.6,4036.65,4077.6,9115581035
2018-03-09,4077.6,4108.86,4077.6,4108.86,11370180832,0,1,4077.6,4108.86,4077.6,4108.86,11370180832
2018-03-12,4108.86,4127.67,4108.86,4127.67,14090673875,0,1,4108.86,4127.67,4108.86,4127.67,14090673875
2018-03-13,4127.67,4127.67,4091.25,4091.25,11176643004,0,1,4127.67,4127.67,4091.25,4091.25,11176643004
2018-03-14,4091.25,4091.25,4073.34,4073.34,9901340894,0,1,4091.25,4091.25,4073.34,4073.34,9901340894
2018-03-15,4073.34,4096.16,4073.34,4096.16,8816115555,0,1,4073.34,4096.16,4073.34,4096.16,8816115555
2018-03-16,4096.16,4096.16,4056.42,4056.42,8489618754,0,1,4096.16,4096.16,4056.42,4056.42,8489618754
2018-03-19,4056.42,4074.25,4056.42,4074.25,8150288196,0,1,4056.42,4074.25,4056.42,4074.25,8150288196
2018-03-20,4074.25,4077.7,4074.25,4077.7,8060528014,0,1,4074.25,4077.7,4074.25,4077.7,8060528014
2018-03-21,4077.7,4077.7,4061.05,4061.05,9760948834,0,1,4077.7,4077.7,4061.05,4061.05,9760948834
2018-03-22,4061.05,4061.05,4020.35,4020.35,8909525944,0,1,4061.05,4061.05,4020.35,4020.35,8909525944
2018-03-23,4020.35,4020.35,3904.94,3904.94,18008044892,0,1,4020.35,4020.35,3904.94,3904.94,18008044892
2018-03-26,3904.94,3904.94,3879.89,3879.89,11513912753,0,1,3904.94,3904.94,3879.89,3879.89,11513912753
2018-03-27,3879.89,3913.27,3879.89,3913.27,11370071072,0,1,3879.89,3913.27,3879.89,3913.27,11370071072
2018-03-28,3913.27,3913.27,3842.72,3842.72,10149490848,0,1,3913.27,3913.27,3842.72,3842.72,10149490848
2018-03-29,3842.72,3894.05,3842.72,3894.05,11662906625,0,1,3842.72,3894.05,3842.72,3894.05,11662906625
2018-03-30,3894.05,3898.5,3894.05,3898.5,9751226996,0,1,3894.05,3898.5,3894.05,3898.5,9751226996
2018-04-02,3898.5,3898.5,3886.92,3886.92,11124266598,0,1,3898.5,3898.5,3886.92,3886.92,11124266598
2018-04-03,3886.92,3886.92,3862.48,3862.48,9513736877,0,1,3886.92,3886.92,3862.48,3862.48,9513736877
2018-04-04,3862.48,3862.48,3854.86,3854.86,8873060896,0,1,3862.48,3862.48,3854.86,3854.86,8873060896
2018-04-09,3854.86,3854.86,3852.93,3852.93,8410546209,0,1,3854.86,3854.86,3852.93,3852.93,8410546209
2018-04-10,3852.93,3927.17,3852.93,3927.17,10617372154,0,1,3852.93,3927.17,3852.93,3927.17,10617372154
2018-04-11,3927.17,3938.34,3927.17,3938.34,11193302112,0,1,3927.17,3938.34,3927.17,3938.34,11193302112
2018-04-12,3938.34,3938.34,3898.64,3898.64,8269949015,0,1,3938.34,3938.34,3898.64,3898.64,8269949015
2018-04-13,3898.64,3898.64,3871.14,3871.14,7154420268,0,1,3898.64,3898.64,3871.14,3871.14,7154420268
2018-04-16,3871.14,3871.14,3808.86,3808.86,9921776953,0,1,3871.14,3871.14,3808.86,3808.86,9921776953
2018-04-17,3808.86,3808.86,3748.64,3748.64,9061078973,0,1,3808.86,3808.86,3748.64,3748.64,9061078973
2018-04-18,3748.64,3766.28,3748.64,3766.28,10667670558,0,1,3748.64,3766.28,3748.64,3766.28,10667670558
2018-04-19,3766.28,3811.84,3766.28,3811.84,9905406048,0,1,3766.28,3811.84,3766.28,3811.84,9905406048
2018-04-20,3811.84,3811.84,3760.85,3760.85,9928292502,0,1,3811.84,3811.84,3760.85,3760.85,9928292502
2018-04-23,3760.85,3766.33,3760.85,3766.33,9035629102,0,1,3760.85,3766.33,3760.85,3766.33,9035629102
2018-04-24,3766.33,3843.49,3766.33,3843.49,11421952521,0,1,3766.33,3843.49,3766.33,3843.49,11421952521
2018-04-25,3843.49,3843.49,3828.7,3828.7,7817261248,0,1,3843.49,3843.49,3828.7,3828.7,7817261248
2018-04-26,3828.7,3828.7,3755.49,3755.49,8715064065,0,1,3828.7,3828.7,3755.49,3755.49,8715064065
2018-04-27,3755.49,3756.88,3755.49,3756.88,8953172641,0,1,3755.49,3756.88,3755.49,3756.88,8953172641
2018-05-02,3756.88,3763.65,3756.88,3763.65,8330103524,0,1,3756.88,3763.65,3756.88,3763.65,8330103524
2018-05-03,3763.65,3793,3763.65,3793,9396111831,0,1,3763.65,3793,3763.65,3793,9396111831
2018-05-04,3793,3793,3774.6,3774.6,7155428765,0,1,3793,3793,3774.6,3774.6,7155428765
2018-05-07,3774.6,3834.19,3774.6,3834.19,8728619523,0,1,3774.6,3834.19,3774.6,3834.19,8728619523
2018-05-08,3834.19,3878.68,3834.19,3878.68,9421515705,0,1,3834.19,3878.68,3834.19,3878.68,9421515705
2018-05-09,3878.68,3878.68,3871.61,3871.61,6671296624,0,1,3878.68,3878.68,3871.61,3871.61,6671296624
2018-05-10,3871.61,3893.06,3871.61,3893.06,7066780946,0,1,3871.61,3893.06,3871.61,3893.06,7066780946
2018-05-11,3893.06,3893.06,3872.84,3872.84,7335660416,0,1,3893.06,3893.06,3872.84,3872.84,7335660416
2018-05-14,3872.84,3909.29,3872.84,3909.29,8197599932,0,1,3872.84,3909.29,3872.84,3909.29,8197599932
2018-05-15,3909.29,3924.1,3909.29,3924.1,7604955524,0,1,3909.29,3924.1,3909.29,3924.1,7604955524
2018-05-16,3924.1,3924.1,3892.84,3892.84,7191364587,0,1,3924.1,3924.1,3892.84,3892.84,7191364587
2018-05-17,3892.84,3892.84,3864.05,3864.05,5903012334,0,1,3892.84,3892.84,3864.05,3864.05,5903012334
2018-05-18,3864.05,3903.06,3864.05,3903.06,7261395600,0,1,3864.05,3903.06,3864.05,3903.06,7261395600
2018-05-21,3903.06,3921.24,3903.06,3921.24,9264173705,0,1,3903.06,3921.24,3903.06,3921.24,9264173705
2018-05-22,3921.24,3921.24,3906.21,3906.21,7536877768,0,1,3921.24,3921.24,3906.21,3906.21,7536877768
2018-05-23,3906.21,3906.21,3854.58,3854.58,8372231929,0,1,3906.21,3906.21,3854.58,3854.58,8372231929
2018-05-24,3854.58,3854.58,3827.22,3827.22,6834502174,0,1,3854.58,3854.58,3827.22,3827.22,6834502174
2018-05-25,3827.22,3827.22,3816.5,3816.5,7083638567,0,1,3827.22,3827.22,3816.5,3816.5,7083638567
2018-05-28,3816.5,3833.26,3816.5,3833.26,7152113205,0,1,3816.5,3833.26,3816.5,3833.26,7152113205
2018-05-29,3833.26,3833.26,3804.01,3804.01,8155266191,0,1,3833.26,3833.26,3804.01,3804.01,8155266191
2018-05-30,3804.01,3804.01,3723.37,3723.37,8791328452,0,1,3804.01,3804.01,3723.37,3723.37,8791328452
2018-05-31,3723.37,3802.38,3723.37,3802.38,9266689354,0,1,3723.37,3802.38,3723.37,3802.38,9266689354
2018-06-01,3802.38,3802.38,3770.59,3770.59,7782181334,0,1,3802.38,3802.38,3770.59,3770.59,7782181334
2018-06-04,3770.59,3807.58,3770.59,3807.58,7662434061,0,1,3770.59,3807.58,3770.59,3807.58,7662434061
2018-06-05,3807.58,3845.32,3807.58,3845.32,7868736023,0,1,3807.58,3845.32,3807.58,3845.32,7868736023
2018-06-06,3845.32,3845.32,3837.35,3837.35,7311723743,0,1,3845.32,3845.32,3837.35,3837.35,7311723743
2018-06-07,3837.35,3837.35,3831.01,3831.01,8025614665,0,1,3837.35,3837.35,3831.01,3831.01,8025614665
2018-06-08,3831.01,3831.01,3779.62,3779.62,8333733501,0,1,3831.01,3831.01,3779.62,3779.62,8333733501
2018-06-11,3779.62,3779.98,3779.62,3779.98,6870983400,0,1,3779.62,3779.98,3779.62,3779.98,6870983400
2018-06-12,3779.98,3825.95,3779.98,3825.95,7320624410,0,1,3779.98,3825.95,3779.98,3825.95,7320624410
2018-06-13,3825.95,3825.95,3788.34,3788.34,6637797016,0,1,3825.95,3825.95,3788.34,3788.34,6637797016
2018-06-14,3788.34,3788.34,3773.36,3773.36,6847132248,0,1,3788.34,3788.34,3773.36,3773.36,6847132248
2018-06-15,3773.36,3773.36,3753.43,3753.43,8548889325,0,1,3773.36,3773.36,3753.43,3753.43,8548889325
2018-06-19,3753.43,3753.43,3621.12,3621.12,16070654210,0,1,3753.43,3753.43,3621.12,3621.12,16070654210
2018-06-20,3621.12,3635.44,3621.12,3635.44,8671809815,0,1,3621.12,3635.44,3621.12,3635.44,8671809815
2018-06-21,3635.44,3635.44,3592.97,3592.97,9390855212,0,1,3635.44,3635.44,3592.97,3592.97,9390855212
2018-06-22,3592.97,3608.91,3592.97,3608.91,7511786370,0,1,3592.97,3608.91,3592.97,3608.91,7511786370
2018-06-25,3608.91,3608.91,3560.48,3560.48,7987707781,0,1,3608.91,3608.91,3560.48,3560.48,7987707781
2018-06-26,3560.48,3560.48,3531.11,3531.11,8498526899,0,1,3560.48,3560.48,3531.11,3531.11,8498526899
2018-06-27,3531.11,3531.11,3459.26,3459.26,8149181732,0,1,3531.11,3531.11,3459.26,3459.26,8149181732
2018-06-28,3459.26,3459.26,3423.53,3423.53,7591805075,0,1,3459.26,3459.26,3423.53,3423.53,7591805075
2018-06-29,3423.53,3510.99,3423.53,3510.99,7725703108,0,1,3423.53,3510.99,3423.53,3510.99,7725703108
2018-07-02,3510.99,3510.99,3407.96,3407.96,8435144908,0,1,3510.99,3510.99,3407.96,3407.96,8435144908
2018-07-03,3407.96,3409.28,3407.96,3409.28,9527869343,0,1,3407.96,3409.28,3407.96,3409.28,9527869343
2018-07-04,3409.28,3409.28,3363.75,3363.75,7515799691,0,1,3409.28,3409.28,3363.75,3363.75,7515799691
2018-07-05,3363.75,3363.75,3342.44,3342.44,8158798127,0,1,3363.75,3363.75,3342.44,3342.44,8158798127
2018-07-06,3342.44,3365.12,3342.44,3365.12,8609757902,0,1,3342.44,3365.12,3342.44,3365.12,8609757902
2018-07-09,3365.12,3459.18,3365.12,3459.18,7660154548,0,1,3365.12,3459.18,3365.12,3459.18,7660154548
2018-07-10,3459.18,3467.52,3459.18,3467.52,6954882287,0,1,3459.18,3467.52,3459.18,3467.52,6954882287
2018-07-11,3467.52,3467.52,3407.53,3407.53,7204094963,0,1,3467.52,3467.52,3407.53,3407.53,7204094963
2018-07-12,3407.53,3481.06,3407.53,3481.06,9635356445,0,1,3407.53,3481.06,3407.53,3481.06,9635356445
2018-07-13,3481.06,3492.69,3481.06,3492.69,7295589724,0,1,3481.06,3492.69,3481.06,3492.69,7295589724
2018-07-16,3492.69,3492.69,3472.09,3472.09,6828199928,0,1,3492.69,3492.69,3472.09,3472.09,6828199928
2018-07-17,3472.09,3472.09,3449.38,3449.38,6198307632,0,1,3472.09,3472.09,3449.38,3449.38,6198307632
2018-07-18,3449.38,3449.38,3431.32,3431.32,6653032978,0,1,3449.38,3449.38,3431.32,3431.32,6653032978
2018-07-19,3431.32,3431.32,3428.34,3428.34,6847771619,0,1,3431.32,3431.32,3428.34,3428.34,6847771619
2018-07-20,3428.34,3492.89,3428.34,3492.89,10198472708,0,1,3428.34,3492.89,3428.34,3492.89,10198472708
2018-07-23,3492.89,3525.75,3492.89,3525.75,11903662653,0,1,3492.89,3525.75,3492.89,3525.75,11903662653
2018-07-24,3525.75,3581.71,3525.75,3581.71,15691243478,0,1,3525.75,3581.71,3525.75,3581.71,15691243478
2018-07-25,3581.71,3581.71,3577.75,3577.75,9675850091,0,1,3581.71,3581.71,3577.75,3577.75,9675850091
2018-07-26,3577.75,3577.75,3536.25,3536.25,9034964146,0,1,3577.75,3577.75,3536.25,3536.25,9034964146
2018-07-27,3536.25,3536.25,3521.23,3521.23,7017810395,0,1,3536.25,3536.25,3521.23,3521.23,7017810395
2018-07-30,3521.23,3521.23,3515.08,3515.08,8211699505,0,1,3521.23,3521.23,3515.08,3515.08,8211699505
2018-07-31,3515.08,3517.66,3515.08,3517.66,6798081710,0,1,3515.08,3517.66,3515.08,3517.66,6798081710
2018-08-01,3517.66,3517.66,3447.39,3447.39,9034861749,0,1,3517.66,3517.66,3447.39,3447.39,9034861749
2018-08-02,3447.39,3447.39,3370.96,3370.96,10130872696,0,1,3447.39,3447.39,3370.96,3370.96,10130872696
2018-08-03,3370.96,3370.96,3315.28,3315.28,7079690998,0,1,3370.96,3370.96,3315.28,3315.28,7079690998
2018-08-06,3315.28,3315.28,3273.27,3273.27,7797508307,0,1,3315.28,3315.28,3273.27,3273.27,7797508307
2018-08-07,3273.27,3368.87,3273.27,3368.87,9178391638,0,1,3273.27,3368.87,3273.27,3368.87,9178391638
2018-08-08,3368.87,3368.87,3314.51,3314.51,7928486535,0,1,3368.87,3368.87,3314.51,3314.51,7928486535
2018-08-09,3314.51,3397.53,3314.51,3397.53,9195757182,0,1,3314.51,3397.53,3314.51,3397.53,9195757182
2018-08-10,3397.53,3405.02,3397.53,3405.02,6896729866,0,1,3397.53,3405.02,3397.53,3405.02,6896729866
2018-08-13,3405.02,3405.02,3390.34,3390.34,7619153227,0,1,3405.02,3405.02,3390.34,3390.34,7619153227
2018-08-14,3390.34,3390.34,3372.91,3372.91,6065144617,0,1,3390.34,3390.34,3372.91,3372.91,6065144617
2018-08-15,3372.91,3372.91,3291.98,3291.98,6817405540,0,1,3372.91,3372.91,3291.98,3291.98,6817405540
2018-08-16,3291.98,3291.98,3276.73,3276.73,7654736551,0,1,3291.98,3291.98,3276.73,3276.73,7654736551
2018-08-17,3276.73,3276.73,3229.62,3229.62,6739541343,0,1,3276.73,3276.73,3229.62,3229.62,6739541343
2018-08-20,3229.62,3267.25,3229.62,3267.25,7090422767,0,1,3229.62,3267.25,3229.62,3267.25,7090422767
2018-08-21,3267.25,3326.65,3267.25,3326.65,7520558321,0,1,3267.25,3326.65,3267.25,3326.65,7520558321
2018-08-22,3326.65,3326.65,3307.95,3307.95,5078705741,0,1,3326.65,3326.65,3307.95,3307.95,5078705741
2018-08-23,3307.95,3320.03,3307.95,3320.03,6111233407,0,1,3307.95,3320.03,3307.95,3320.03,6111233407
2018-08-24,3320.03,3325.33,3320.03,3325.33,6376589716,0,1,3320.03,3325.33,3320.03,3325.33,6376589716
2018-08-27,3325.33,3406.57,3325.33,3406.57,9427008184,0,1,3325.33,3406.57,3325.33,3406.57,9427008184
2018-08-28,3406.57,3406.57,3400.17,3400.17,7544536261,0,1,3406.57,3406.57,3400.17,3400.17,7544536261
2018-08-29,3400.17,3400.17,3386.57,3386.57,6702040436,0,1,3400.17,3400.17,3386.57,3386.57,6702040436
2018-08-30,3386.57,3386.57,3351.09,3351.09,6838529009,0,1,3386.57,3386.57,3351.09,3351.09,6838529009
2018-08-31,3351.09,3351.09,3334.5,3334.5,7620562986,0,1,3351.09,3351.09,3334.5,3334.5,7620562986
2018-09-03,3334.5,3334.5,3321.82,3321.82,6642985451,0,1,3334.5,3334.5,3321.82,3321.82,6642985451
2018-09-04,3321.82,3363.9,3321.82,3363.9,6708880657,0,1,3321.82,3363.9,3321.82,3363.9,6708880657
2018-09-05,3363.9,3363.9,3298.14,3298.14,6430188817,0,1,3363.9,3363.9,3298.14,3298.14,6430188817
2018-09-06,3298.14,3298.14,3262.88,3262.88,6230028754,0,1,3298.14,3298.14,3262.88,3262.88,6230028754
2018-09-07,3262.88,3277.64,3262.88,3277.64,6394740797,0,1,3262.88,3277.64,3262.88,3277.64,6394740797
2018-09-10,3277.64,3277.64,3230.07,3230.07,6381705102,0,1,3277.64,3277.64,3230.07,3230.07,6381705102
2018-09-11,3230.07,3230.07,3224.21,3224.21,5849130460,0,1,3230.07,3230.07,3224.21,3224.21,5849130460
2018-09-12,3224.21,3224.21,3202.02,3202.02,5462789924,0,1,3224.21,3224.21,3202.02,3202.02,5462789924
2018-09-13,3202.02,3236.57,3202.02,3236.57,6729032689,0,1,3202.02,3236.57,3202.02,3236.57,6729032689
2018-09-14,3236.57,3242.09,3236.57,3242.09,6013064023,0,1,3236.57,3242.09,3236.57,3242.09,6013064023
2018-09-17,3242.09,3242.09,3204.92,3204.92,5225954701,0,1,3242.09,3242.09,3204.92,3204.92,5225954701
2018-09-18,3204.92,3269.43,3204.92,3269.43,7042503525,0,1,3204.92,3269.43,3204.92,3269.43,7042503525
2018-09-19,3269.43,3312.48,3269.43,3312.48,8917066649,0,1,3269.43,3312.48,3269.43,3312.48,8917066649
2018-09-20,3312.48,3312.48,3310.13,3310.13,6456105681,0,1,3312.48,3312.48,3310.13,3310.13,6456105681
2018-09-21,3310.13,3410.49,3310.13,3410.49,10841600480,0,1,3310.13,3410.49,3310.13,3410.49,10841600480
2018-09-25,3410.49,3410.49,3379.8,3379.8,6905469331,0,1,3410.49,3410.49,3379.8,3379.8,6905469331
2018-09-26,3379.8,3417.24,3379.8,3417.24,9317334260,0,1,3379.8,3417.24,3379.8,3417.24,9317334260
2018-09-27,3417.24,3417.24,3403.59,3403.59,6976524107,0,1,3417.24,3417.24,3403.59,3403.59,6976524107
2018-09-28,3403.59,3438.86,3403.59,3438.86,8437775643,0,1,3403.59,3438.86,3403.59,3438.86,8437775643
2018-10-08,3438.86,3438.86,3290.9,3290.9,9788898898,0,1,3438.86,3438.86,3290.9,3290.9,9788898898
2018-10-09,3290.9,3290.9,3288.69,3288.69,6672327353,0,1,3290.9,3290.9,3288.69,3288.69,6672327353
2018-10-10,3288.69,3288.69,3281.6,3281.6,6449282766,0,1,3288.69,3288.69,3281.6,3281.6,6449282766
2018-10-11,3281.6,3281.6,3124.11,3124.11,12094134212,0,1,3281.6,3281.6,3124.11,3124.11,12094134212
2018-10-12,3124.11,3170.73,3124.11,3170.73,9861115072,0,1,3124.11,3170.73,3124.11,3170.73,9861115072
2018-10-15,3170.73,3170.73,3126.45,3126.45,6960502289,0,1,3170.73,3170.73,3126.45,3126.45,6960502289
2018-10-16,3126.45,3126.45,3100.97,3100.97,6888772097,0,1,3126.45,3126.45,3100.97,3100.97,6888772097
2018-10-17,3100.97,3118.25,3100.97,3118.25,7683713766,0,1,3100.97,3118.25,3100.97,3118.25,7683713766
2018-10-18,3118.25,3118.25,3044.39,3044.39,7377196820,0,1,3118.25,3118.25,3044.39,3044.39,7377196820
2018-10-19,3044.39,3134.95,3044.39,3134.95,9883968834,0,1,3044.39,3134.95,3044.39,3134.95,9883968834
2018-10-22,3134.95,3270.27,3134.95,3270.27,14586204496,0,1,3134.95,3270.27,3134.95,3270.27,14586204496
2018-10-23,3270.27,3270.27,3183.43,3183.43,12101324103,0,1,3270.27,3270.27,3183.43,3183.43,12101324103
2018-10-24,3183.43,3188.2,3183.43,3188.2,11090974366,0,1,3183.43,3188.2,3183.43,3188.2,11090974366
2018-10-25,3188.2,3194.31,3188.2,3194.31,10695181693,0,1,3188.2,3194.31,3188.2,3194.31,10695181693
2018-10-26,3194.31,3194.31,3173.64,3173.64,10129935406,0,1,3194.31,3194.31,3173.64,3173.64,10129935406
2018-10-29,3173.64,3173.64,3076.89,3076.89,9183978935,0,1,3173.64,3173.64,3076.89,3076.89,9183978935
2018-10-30,3076.89,3110.26,3076.89,3110.26,11607010133,0,1,3076.89,3110.26,3076.89,3110.26,11607010133
2018-10-31,3110.26,3153.82,3110.26,3153.82,11120745491,0,1,3110.26,3153.82,3110.26,3153.82,11120745491
2018-11-01,3153.82,3177.03,3153.82,3177.03,13265337888,0,1,3153.82,3177.03,3153.82,3177.03,13265337888
2018-11-02,3177.03,3290.25,3177.03,3290.25,15346610444,0,1,3177.03,3290.25,3177.03,3290.25,15346610444
2018-11-05,3290.25,3290.25,3262.84,3262.84,10970668326,0,1,3290.25,3290.25,3262.84,3262.84,10970668326
2018-11-06,3262.84,3262.84,3243.15,3243.15,8386913783,0,1,3262.84,3262.84,3243.15,3243.15,8386913783
2018-11-07,3243.15,3243.15,3221.91,3221.91,9161552760,0,1,3243.15,3243.15,3221.91,3221.91,9161552760
2018-11-08,3221.91,3221.91,3212.77,3212.77,7641453981,0,1,3221.91,3221.91,3212.77,3212.77,7641453981
2018-11-09,3212.77,3212.77,3167.44,3167.44,8428276212,0,1,3212.77,3212.77,3167.44,3167.44,8428276212
2018-11-12,3167.44,3205.14,3167.44,3205.14,8806239141,0,1,3167.44,3205.14,3167.44,3205.14,8806239141
2018-11-13,3205.14,3237.38,3205.14,3237.38,12649346386,0,1,3205.14,3237.38,3205.14,3237.38,12649346386
2018-11-14,3237.38,3237.38,3204.94,3204.94,11380865941,0,1,3237.38,3237.38,3204.94,3204.94,11380865941
2018-11-15,3204.94,3242.37,3204.94,3242.37,9855881025,0,1,3204.94,3242.37,3204.94,3242.37,9855881025
2018-11-16,3242.37,3257.67,3242.37,3257.67,12687683530,0,1,3242.37,3257.67,3242.37,3257.67,12687683530
2018-11-19,3257.67,3294.6,3257.67,3294.6,11595659463,0,1,3257.67,3294.6,3257.67,3294.6,11595659463
2018-11-20,3294.6,3294.6,3218.41,3218.41,10936115412,0,1,3294.6,3294.6,3218.41,3218.41,10936115412
2018-11-21,3218.41,3226.49,3218.41,3226.49,8411972600,0,1,3218.41,3226.49,3218.41,3226.49,8411972600
2018-11-22,3226.49,3226.49,3214.43,3214.43,6509829064,0,1,3226.49,3226.49,3214.43,3214.43,6509829064
2018-11-23,3214.43,3214.43,3143.47,3143.47,8463825474,0,1,3214.43,3214.43,3143.47,3143.47,8463825474
2018-11-26,3143.47,3143.47,3141.24,3141.24,5937913992,0,1,3143.47,3143.47,3141.24,3141.24,5937913992
2018-11-27,3141.24,3141.24,3137.24,3137.24,5540783247,0,1,3141.24,3141.24,3137.24,3137.24,5540783247
2018-11-28,3137.24,3178.93,3137.24,3178.93,7488195538,0,1,3137.24,3178.93,3137.24,3178.93,7488195538
2018-11-29,3178.93,3178.93,3137.65,3137.65,8049846600,0,1,3178.93,3178.93,3137.65,3137.65,8049846600
2018-11-30,3137.65,3172.69,3137.65,3172.69,7092104425,0,1,3137.65,3172.69,3137.65,3172.69,7092104425
2018-12-03,3172.69,3260.95,3172.69,3260.95,12148715654,0,1,3172.69,3260.95,3172.69,3260.95,12148715654
2018-12-04,3260.95,3267.71,3260.95,3267.71,7941503928,0,1,3260.95,3267.71,3260.95,3267.71,7941503928
2018-12-05,3267.71,3267.71,3252,3252,7615305152,0,1,3267.71,3267.71,3252,3252,7615305152
2018-12-06,3252,3252,3181.67,3181.67,7632877073,0,1,3252,3252,3181.67,3181.67,7632877073
2018-12-07,3181.67,3181.67,3181.56,3181.56,5336192449,0,1,3181.67,3181.67,3181.56,3181.56,5336192449
2018-12-10,3181.56,3181.56,3144.76,3144.76,6343727332,0,1,3181.56,3181.56,3144.76,3144.76,6343727332
2018-12-11,3144.76,3159.82,3144.76,3159.82,5322387714,0,1,3144.76,3159.82,3144.76,3159.82,5322387714
2018-12-12,3159.82,3170.61,3159.82,3170.61,5330991402,0,1,3159.82,3170.61,3159.82,3170.61,5330991402
2018-12-13,3170.61,3219.69,3170.61,3219.69,9044275459,0,1,3170.61,3219.69,3170.61,3219.69,9044275459
2018-12-14,3219.69,3219.69,3165.91,3165.91,8430125003,0,1,3219.69,3219.69,3165.91,3165.91,8430125003
2018-12-17,3165.91,3165.91,3161.2,3161.2,6649700659,0,1,3165.91,3165.91,3161.2,3161.2,6649700659
2018-12-18,3161.2,3161.2,3128.43,3128.43,6382031945,0,1,3161.2,3161.2,3128.43,3128.43,6382031945
2018-12-19,3128.43,3128.43,3091.12,3091.12,5552229939,0,1,3128.43,3128.43,3091.12,3091.12,5552229939
2018-12-20,3091.12,3091.12,3067.42,3067.42,6974946250,0,1,3091.12,3091.12,3067.42,3067.42,6974946250
2018-12-21,3067.42,3067.42,3029.4,3029.4,7675810146,0,1,3067.42,3067.42,3029.4,3029.4,7675810146
2018-12-24,3029.4,3038.2,3029.4,3038.2,5729961481,0,1,3029.4,3038.2,3029.4,3038.2,5729961481
2018-12-25,3038.2,3038.2,3017.28,3017.28,7868942488,0,1,3038.2,3038.2,3017.28,3017.28,7868942488
2018-12-26,3017.28,3017.28,3002.03,3002.03,5564703245,0,1,3017.28,3017.28,3002.03,3002.03,5564703245
2018-12-27,3002.03,3002.03,2990.51,2990.51,8054178458,0,1,3002.03,3002.03,2990.51,2990.51,8054178458
2018-12-28,2990.51,3010.65,2990.51,3010.65,7105377883,0,1,2990.51,3010.65,2990.51,3010.65,7105377883
2019-01-02,3010.65,3010.65,2969.53,2969.53,6866302129,0,1,3010.65,3010.65,2969.53,2969.53,6866302129
2019-01-03,2969.53,2969.53,2964.84,2964.84,7086710339,0,1,2969.53,2969.53,2964.84,2964.84,7086710339
2019-01-04,2964.84,3035.87,2964.84,3035.87,10331897161,0,1,2964.84,3035.87,2964.84,3035.87,10331897161
2019-01-07,3035.87,3054.3,3035.87,3054.3,10116435936,0,1,3035.87,3054.3,3035.87,3054.3,10116435936
2019-01-08,3054.3,3054.3,3047.7,3047.7,8617058548,0,1,3054.3,3054.3,3047.7,3047.7,8617058548
2019-01-09,3047.7,3078.48,3047.7,3078.48,10736434992,0,1,3047.7,3078.48,3047.7,3078.48,10736434992
2019-01-10,3078.48,3078.48,3072.69,3072.69,8527175570,0,1,3078.48,3078.48,3072.69,3072.69,8527175570
2019-01-11,3072.69,3094.78,3072.69,3094.78,7178642398,0,1,3072.69,3094.78,3072.69,3094.78,7178642398
2019-01-14,3094.78,3094.78,3067.78,3067.78,6612170210,0,1,3094.78,3094.78,3067.78,3067.78,6612170210
2019-01-15,3067.78,3127.99,3067.78,3127.99,8877296204,0,1,3067.78,3127.99,3067.78,3127.99,8877296204
2019-01-16,3127.99,3128.65,3127.99,3128.65,8021434059,0,1,3127.99,3128.65,3127.99,3128.65,8021434059
2019-01-17,3128.65,3128.65,3111.42,3111.42,8017487070,0,1,3128.65,3128.65,3111.42,3111.42,8017487070
2019-01-18,3111.42,3168.17,3111.42,3168.17,10396383444,0,1,3111.42,3168.17,3111.42,3168.17,10396383444
2019-01-21,3168.17,3185.64,3168.17,3185.64,9391502197,0,1,3168.17,3185.64,3168.17,3185.64,9391502197
2019-01-22,3185.64,3185.64,3143.32,3143.32,7299052828,0,1,3185.64,3185.64,3143.32,3143.32,7299052828
2019-01-23,3143.32,3143.32,3141.05,3141.05,5987047816,0,1,3143.32,3143.32,3141.05,3141.05,5987047816
2019-01-24,3141.05,3158.78,3141.05,3158.78,7293463594,0,1,3141.05,3158.78,3141.05,3158.78,7293463594
2019-01-25,3158.78,3184.47,3158.78,3184.47,8396772867,0,1,3158.78,3184.47,3158.78,3184.47,8396772867
2019-01-28,3184.47,3184.47,3183.78,3183.78,8262243057,0,1,3184.47,3184.47,3183.78,3183.78,8262243057
2019-01-29,3183.78,3193.97,3183.78,3193.97,7765833361,0,1,3183.78,3193.97,3183.78,3193.97,7765833361
2019-01-30,3193.97,3193.97,3168.48,3168.48,6374651689,0,1,3193.97,3193.97,3168.48,3168.48,6374651689
2019-01-31,3168.48,3201.63,3168.48,3201.63,8624783863,0,1,3168.48,3201.63,3168.48,3201.63,8624783863
2019-02-01,3201.63,3247.4,3201.63,3247.4,8201964099,0,1,3201.63,3247.4,3201.63,3247.4,8201964099
2019-02-11,3247.4,3306.47,3247.4,3306.47,9881843353,0,1,3247.4,3306.47,3247.4,3306.47,9881843353
2019-02-12,3306.47,3330.34,3306.47,3330.34,12223246216,0,1,3306.47,3330.34,3306.47,3330.34,12223246216
2019-02-13,3330.34,3397.03,3330.34,3397.03,16382833186,0,1,3330.34,3397.03,3330.34,3397.03,16382833186
2019-02-14,3397.03,3402.14,3397.03,3402.14,15112728969,0,1,3397.03,3402.14,3397.03,3402.14,15112728969
2019-02-15,3402.14,3402.14,3338.7,3338.7,14366860337,0,1,3402.14,3402.14,3338.7,3338.7,14366860337
2019-02-18,3338.7,3445.74,3338.7,3445.74,18288608945,0,1,3338.7,3445.74,3338.7,3445.74,18288608945
2019-02-19,3445.74,3445.74,3439.61,3439.61,17908378540,0,1,3445.74,3445.74,3439.61,3439.61,17908378540
2019-02-20,3439.61,3451.93,3439.61,3451.93,14739031144,0,1,3439.61,3451.93,3439.61,3451.93,14739031144
2019-02-21,3451.93,3451.93,3442.71,3442.71,18014328663,0,1,3451.93,3451.93,3442.71,3442.71,18014328663
2019-02-22,3442.71,3520.12,3442.71,3520.12,18723797432,0,1,3442.71,3520.12,3442.71,3520.12,18723797432
2019-02-25,3520.12,3729.48,3520.12,3729.48,34255712172,0,1,3520.12,3729.48,3520.12,3729.48,34255712172
2019-02-26,3729.48,3729.48,3684.69,3684.69,35803869786,0,1,3729.48,3729.48,3684.69,3684.69,35803869786
2019-02-27,3684.69,3684.69,3678.39,3678.39,28623600723,0,1,3684.69,3684.69,3678.39,3678.39,28623600723
2019-02-28,3678.39,3678.39,3669.37,3669.37,18481021971,0,1,3678.39,3678.39,3669.37,3669.37,18481021971
2019-03-01,3669.37,3749.71,3669.37,3749.71,20471100413,0,1,3669.37,3749.71,3669.37,3749.71,20471100413
2019-03-04,3749.71,3794.1,3749.71,3794.1,32349012596,0,1,3749.71,3794.1,3749.71,3794.1,32349012596
2019-03-05,3794.1,3816.01,3794.1,3816.01,23085316610,0,1,3794.1,3816.01,3794.1,3816.01,23085316610
2019-03-06,3816.01,3848.09,3816.01,3848.09,31807737108,0,1,3816.01,3848.09,3816.01,3848.09,31807737108
2019-03-07,3848.09,3848.09,3808.85,3808.85,32984654848,0,1,3848.09,3848.09,3808.85,3808.85,32984654848
2019-03-08,3808.85,3808.85,3657.58,3657.58,31799007663,0,1,3808.85,3808.85,3657.58,3657.58,31799007663
2019-03-11,3657.58,3729.95,3657.58,3729.95,23091286496,0,1,3657.58,3729.95,3657.58,3729.95,23091286496
2019-03-12,3729.95,3755.35,3729.95,3755.35,27492638173,0,1,3729.95,3755.35,3729.95,3755.35,27492638173
2019-03-13,3755.35,3755.35,3724.19,3724.19,23368224794,0,1,3755.35,3755.35,3724.19,3724.19,23368224794
2019-03-14,3724.19,3724.19,3698.49,3698.49,19081723732,0,1,3724.19,3724.19,3698.49,3698.49,19081723732
2019-03-15,3698.49,3745.01,3698.49,3745.01,17517454350,0,1,3698.49,3745.01,3698.49,3745.01,17517454350
2019-03-18,3745.01,3851.75,3745.01,3851.75,21692806006,0,1,3745.01,3851.75,3745.01,3851.75,21692806006
2019-03-19,3851.75,3851.75,3833.96,3833.96,18172710965,0,1,3851.75,3851.75,3833.96,3833.96,18172710965
2019-03-20,3833.96,3835.44,3833.96,3835.44,17563208994,0,1,3833.96,3835.44,3833.96,3835.44,17563208994
2019-03-21,3835.44,3836.89,3835.44,3836.89,19631031014,0,1,3835.44,3836.89,3835.44,3836.89,19631031014
2019-03-22,3836.89,3836.89,3833.8,3833.8,17135699267,0,1,3836.89,3836.89,3833.8,3833.8,17135699267
2019-03-25,3833.8,3833.8,3742.82,3742.82,19858632903,0,1,3833.8,3833.8,3742.82,3742.82,19858632903
2019-03-26,3742.82,3742.82,3700.44,3700.44,17304657938,0,1,3742.82,3742.82,3700.44,3700.44,17304657938
2019-03-27,3700.44,3743.39,3700.44,3743.39,13875845373,0,1,3700.44,3743.39,3700.44,3743.39,13875845373
2019-03-28,3743.39,3743.39,3728.39,3728.39,13327212931,0,1,3743.39,3743.39,3728.39,3728.39,13327212931
2019-03-29,3728.39,3872.34,3728.39,3872.34,21563910279,0,1,3728.39,3872.34,3728.39,3872.34,21563910279
2019-04-01,3872.34,3973.93,3872.34,3973.93,27138270448,0,1,3872.34,3973.93,3872.34,3973.93,27138270448
2019-04-02,3973.93,3973.93,3971.28,3971.28,22600034053,0,1,3973.93,3973.93,3971.28,3971.28,22600034053
2019-04-03,3971.28,4022.16,3971.28,4022.16,23191736833,0,1,3971.28,4022.16,3971.28,4022.16,23191736833
2019-04-04,4022.16,4062.23,4022.16,4062.23,26041093934,0,1,4022.16,4062.23,4022.16,4062.23,26041093934
2019-04-08,4062.23,4062.23,4057.23,4057.23,26750557632,0,1,4062.23,4062.23,4057.23,4057.23,26750557632
2019-04-09,4057.23,4075.43,4057.23,4075.43,18295680808,0,1,4057.23,4075.43,4057.23,4075.43,18295680808
2019-04-10,4075.43,4085.85,4075.43,4085.85,19468761253,0,1,4075.43,4085.85,4075.43,4085.85,19468761253
2019-04-11,4085.85,4085.85,3997.58,3997.58,16904964061,0,1,4085.85,4085.85,3997.58,3997.58,16904964061
2019-04-12,3997.58,3997.58,3988.62,3988.62,13586211801,0,1,3997.58,3997.58,3988.62,3988.62,13586211801
2019-04-15,3988.62,3988.62,3975.52,3975.52,18264557053,0,1,3988.62,3988.62,3975.52,3975.52,18264557053
2019-04-16,3975.52,4085.79,3975.52,4085.79,20204196561,0,1,3975.52,4085.79,3975.52,4085.79,20204196561
2019-04-17,4085.79,4087.24,4085.79,4087.24,18036711654,0,1,4085.79,4087.24,4085.79,4087.24,18036711654
2019-04-18,4087.24,4087.24,4072.08,4072.08,14656212297,0,1,4087.24,4087.24,4072.08,4072.08,14656212297
2019-04-19,4072.08,4120.61,4072.08,4120.61,15079491005,0,1,4072.08,4120.61,4072.08,4120.61,15079491005
2019-04-22,4120.61,4120.61,4025.61,4025.61,18935374488,0,1,4120.61,4120.61,4025.61,4025.61,18935374488
2019-04-23,4025.61,4025.61,4019.01,4019.01,15561165031,0,1,4025.61,4025.61,4019.01,4019.01,15561165031
2019-04-24,4019.01,4030.09,4019.01,4030.09,14549869505,0,1,4019.01,4030.09,4019.01,4030.09,14549869505
2019-04-25,4030.09,4030.09,3941.82,3941.82,15972207129,0,1,4030.09,4030.09,3941.82,3941.82,15972207129
2019-04-26,3941.82,3941.82,3889.28,3889.28,14200806788,0,1,3941.82,3941.82,3889.28,3889.28,14200806788
2019-04-29,3889.28,3900.33,3889.28,3900.33,15387092686,0,1,3889.28,3900.33,3889.28,3900.33,15387092686
2019-04-30,3900.33,3913.21,3900.33,3913.21,11623337567,0,1,3900.33,3913.21,3900.33,3913.21,11623337567
2019-05-06,3913.21,3913.21,3684.62,3684.62,19747288215,0,1,3913.21,3913.21,3684.62,3684.62,19747288215
2019-05-07,3684.62,3720.67,3684.62,3720.67,13284765416,0,1,3684.62,3720.67,3684.62,3720.67,13284765416
2019-05-08,3720.67,3720.67,3667.46,3667.46,11286735495,0,1,3720.67,3720.67,3667.46,3667.46,11286735495
2019-05-09,3667.46,3667.46,3599.7,3599.7,10103739393,0,1,3667.46,3667.46,3599.7,3599.7,10103739393
2019-05-10,3599.7,3730.45,3599.7,3730.45,14800384677,0,1,3599.7,3730.45,3599.7,3730.45,14800384677
2019-05-13,3730.45,3730.45,3668.73,3668.73,10339185989,0,1,3730.45,3730.45,3668.73,3668.73,10339185989
2019-05-14,3668.73,3668.73,3645.15,3645.15,10231346020,0,1,3668.73,3668.73,3645.15,3645.15,10231346020
2019-05-15,3645.15,3727.09,3645.15,3727.09,11016176896,0,1,3645.15,3727.09,3645.15,3727.09,11016176896
2019-05-16,3727.09,3743.96,3727.09,3743.96,11625827371,0,1,3727.09,3743.96,3727.09,3743.96,11625827371
2019-05-17,3743.96,3743.96,3648.76,3648.76,12845324457,0,1,3743.96,3743.96,3648.76,3648.76,12845324457
2019-05-20,3648.76,3648.76,3617.79,3617.79,10896347666,0,1,3648.76,3648.76,3617.79,3617.79,10896347666
2019-05-21,3617.79,3666.78,3617.79,3666.78,11102292034,0,1,3617.79,3666.78,3617.79,3666.78,11102292034
2019-05-22,3666.78,3666.78,3649.38,3649.38,9834612808,0,1,3666.78,3666.78,3649.38,3649.38,9834612808
2019-05-23,3649.38,3649.38,3583.96,3583.96,9989778089,0,1,3649.38,3649.38,3583.96,3583.96,9989778089
2019-05-24,3583.96,3593.91,3583.96,3593.91,8093404769,0,1,3583.96,3593.91,3583.96,3593.91,8093404769
2019-05-27,3593.91,3637.2,3593.91,3637.2,10883087116,0,1,3593.91,3637.2,3593.91,3637.2,10883087116
2019-05-28,3637.2,3672.26,3637.2,3672.26,11788624049,0,1,3637.2,3672.26,3637.2,3672.26,11788624049
2019-05-29,3672.26,3672.26,3663.91,3663.91,9335544108,0,1,3672.26,3672.26,3663.91,3663.91,9335544108
2019-05-30,3663.91,3663.91,3641.18,3641.18,9420256068,0,1,3663.91,3663.91,3641.18,3641.18,9420256068
2019-05-31,3641.18,3641.18,3629.79,3629.79,8922226697,0,1,3641.18,3641.18,3629.79,3629.79,8922226697
2019-06-03,3629.79,3632.01,3629.79,3632.01,10072317967,0,1,3629.79,3632.01,3629.79,3632.01,10072317967
2019-06-04,3632.01,3632.01,3598.47,3598.47,8709709437,0,1,3632.01,3632.01,3598.47,3598.47,8709709437
2019-06-05,3598.47,3598.47,3597.11,3597.11,8864201984,0,1,3598.47,3598.47,3597.11,3597.11,8864201984
2019-06-06,3597.11,3597.11,3564.68,3564.68,8553440325,0,1,3597.11,3597.11,3564.68,3564.68,8553440325
2019-06-10,3564.68,3610.74,3564.68,3610.74,9237506080,0,1,3564.68,3610.74,3564.68,3610.74,9237506080
2019-06-11,3610.74,3719.28,3610.74,3719.28,14348280572,0,1,3610.74,3719.28,3610.74,3719.28,14348280572
2019-06-12,3719.28,3719.28,3691.1,3691.1,11917885287,0,1,3719.28,3719.28,3691.1,3691.1,11917885287
2019-06-13,3691.1,3691.1,3685.39,3685.39,9633171805,0,1,3691.1,3691.1,3685.39,3685.39,9633171805
2019-06-14,3685.39,3685.39,3654.88,3654.88,10181700362,0,1,3685.39,3685.39,3654.88,3654.88,10181700362
2019-06-17,3654.88,3654.88,3654.82,3654.82,7297667841,0,1,3654.88,3654.88,3654.82,3654.82,7297667841
2019-06-18,3654.82,3667.62,3654.82,3667.62,7069226581,0,1,3654.82,3667.62,3654.82,3667.62,7069226581
2019-06-19,3667.62,3715.94,3667.62,3715.94,12559571454,0,1,3667.62,3715.94,3667.62,3715.94,12559571454
2019-06-20,3715.94,3828.52,3715.94,3828.52,16887207339,0,1,3715.94,3828.52,3715.94,3828.52,16887207339
2019-06-21,3828.52,3833.94,3828.52,3833.94,15363515458,0,1,3828.52,3833.94,3828.52,3833.94,15363515458
2019-06-24,3833.94,3841.27,3833.94,3841.27,10008462083,0,1,3833.94,3841.27,3833.94,3841.27,10008462083
2019-06-25,3841.27,3841.27,3801.31,3801.31,12407591237,0,1,3841.27,3841.27,3801.31,3801.31,12407591237
2019-06-26,3801.31,3801.31,3794.33,3794.33,8182028290,0,1,3801.31,3801.31,3794.33,3794.33,8182028290
2019-06-27,3794.33,3834.82,3794.33,3834.82,10531635785,0,1,3794.33,3834.82,3794.33,3834.82,10531635785
2019-06-28,3834.82,3834.82,3825.59,3825.59,8476613856,0,1,3834.82,3834.82,3825.59,3825.59,8476613856
2019-07-01,3825.59,3935.81,3825.59,3935.81,15837034035,0,1,3825.59,3935.81,3825.59,3935.81,15837034035
2019-07-02,3935.81,3937.17,3935.81,3937.17,13186349612,0,1,3935.81,3937.17,3935.81,3937.17,13186349612
2019-07-03,3937.17,3937.17,3893.53,3893.53,11199260318,0,1,3937.17,3937.17,3893.53,3893.53,11199260318
2019-07-04,3893.53,3893.53,3873.1,3873.1,9934225603,0,1,3893.53,3893.53,3873.1,3873.1,9934225603
2019-07-05,3873.1,3893.2,3873.1,3893.2,7400652704,0,1,3873.1,3893.2,3873.1,3893.2,7400652704
2019-07-08,3893.2,3893.2,3802.79,3802.79,10953908632,0,1,3893.2,3893.2,3802.79,3802.79,10953908632
2019-07-09,3802.79,3802.79,3793.13,3793.13,7484273179,0,1,3802.79,3802.79,3793.13,3793.13,7484273179
2019-07-10,3793.13,3793.13,3786.74,3786.74,7283394786,0,1,3793.13,3793.13,3786.74,3786.74,7283394786
2019-07-11,3786.74,3786.74,3785.22,3785.22,7531196525,0,1,3786.74,3786.74,3785.22,3785.22,7531196525
2019-07-12,3785.22,3808.73,3785.22,3808.73,7546596661,0,1,3785.22,3808.73,3785.22,3808.73,7546596661
2019-07-15,3808.73,3824.19,3808.73,3824.19,10120522162,0,1,3808.73,3824.19,3808.73,3824.19,10120522162
2019-07-16,3824.19,3824.19,3806.84,3806.84,8073095201,0,1,3824.19,3824.19,3806.84,3806.84,8073095201
2019-07-17,3806.84,3806.84,3804.64,3804.64,9518388459,0,1,3806.84,3806.84,3804.64,3804.64,9518388459
2019-07-18,3804.64,3804.64,3768.4,3768.4,8749644511,0,1,3804.64,3804.64,3768.4,3768.4,8749644511
2019-07-19,3768.4,3807.96,3768.4,3807.96,8808614862,0,1,3768.4,3807.96,3768.4,3807.96,8808614862
2019-07-22,3807.96,3807.96,3781.68,3781.68,9210137701,0,1,3807.96,3807.96,3781.68,3781.68,9210137701
2019-07-23,3781.68,3789.91,3781.68,3789.91,7131334591,0,1,3781.68,3789.91,3781.68,3789.91,7131334591
2019-07-24,3789.91,3819.83,3789.91,3819.83,9094068377,0,1,3789.91,3819.83,3789.91,3819.83,9094068377
2019-07-25,3819.83,3851.07,3819.83,3851.07,9374041726,0,1,3819.83,3851.07,3819.83,3851.07,9374041726
2019-07-26,3851.07,3858.57,3851.07,3858.57,8325929960,0,1,3851.07,3858.57,3851.07,3858.57,8325929960
2019-07-29,3858.57,3858.57,3854.27,3854.27,8481437000,0,1,3858.57,3858.57,3854.27,3854.27,8481437000
2019-07-30,3854.27,3870.32,3854.27,3870.32,9412395542,0,1,3854.27,3870.32,3854.27,3870.32,9412395542
2019-07-31,3870.32,3870.32,3835.36,3835.36,8215115508,0,1,3870.32,3870.32,3835.36,3835.36,8215115508
2019-08-01,3835.36,3835.36,3803.47,3803.47,8411418046,0,1,3835.36,3835.36,3803.47,3803.47,8411418046
2019-08-02,3803.47,3803.47,3747.44,3747.44,10833589691,0,1,3803.47,3803.47,3747.44,3747.44,10833589691
2019-08-05,3747.44,3747.44,3675.69,3675.69,10132598090,0,1,3747.44,3747.44,3675.69,3675.69,10132598090
2019-08-06,3675.69,3675.69,3636.33,3636.33,12983387102,0,1,3675.69,3675.69,3636.33,3636.33,12983387102
2019-08-07,3636.33,3636.33,3621.43,3621.43,8423871611,0,1,3636.33,3636.33,3621.43,3621.43,8423871611
2019-08-08,3621.43,3669.29,3621.43,3669.29,8845770717,0,1,3621.43,3669.29,3621.43,3669.29,8845770717
2019-08-09,3669.29,3669.29,3633.53,3633.53,8529558002,0,1,3669.29,3669.29,3633.53,3633.53,8529558002
2019-08-12,3633.53,3699.1,3633.53,3699.1,8208305641,0,1,3633.53,3699.1,3633.53,3699.1,8208305641
2019-08-13,3699.1,3699.1,3665.75,3665.75,7650030186,0,1,3699.1,3699.1,3665.75,3665.75,7650030186
2019-08-14,3665.75,3682.4,3665.75,3682.4,9120259017,0,1,3665.75,3682.4,3665.75,3682.4,9120259017
2019-08-15,3682.4,3694,3682.4,3694,8859883182,0,1,3682.4,3694,3682.4,3694,8859883182
2019-08-16,3694,3710.54,3694,3710.54,8831916926,0,1,3694,3710.54,3694,3710.54,8831916926
2019-08-19,3710.54,3791.09,3710.54,3791.09,13932701264,0,1,3710.54,3791.09,3710.54,3791.09,13932701264
2019-08-20,3791.09,3791.09,3787.73,3787.73,10860208818,0,1,3791.09,3791.09,3787.73,3787.73,10860208818
2019-08-21,3787.73,3787.73,3781.76,3781.76,8229987958,0,1,3787.73,3787.73,3781.76,3781.76,8229987958
2019-08-22,3781.76,3793.51,3781.76,3793.51,8580779224,0,1,3781.76,3793.51,3781.76,3793.51,8580779224
2019-08-23,3793.51,3820.86,3793.51,3820.86,8795458261,0,1,3793.51,3820.86,3793.51,3820.86,8795458261
2019-08-26,3820.86,3820.86,3765.91,3765.91,9385926890,0,1,3820.86,3820.86,3765.91,3765.91,9385926890
2019-08-27,3765.91,3816.95,3765.91,3816.95,12473147788,0,1,3765.91,3816.95,3765.91,3816.95,12473147788
2019-08-28,3816.95,3816.95,3802.58,3802.58,8875081224,0,1,3816.95,3816.95,3802.58,3802.58,8875081224
2019-08-29,3802.58,3802.58,3790.19,3790.19,8408338735,0,1,3802.58,3802.58,3790.19,3790.19,8408338735
2019-08-30,3790.19,3799.59,3790.19,3799.59,9669515006,0,1,3790.19,3799.59,3790.19,3799.59,9669515006
2019-09-02,3799.59,3848.32,3799.59,3848.32,11028934864,0,1,3799.59,3848.32,3799.59,3848.32,11028934864
2019-09-03,3848.32,3853.61,3848.32,3853.61,9771463094,0,1,3848.32,3853.61,3848.32,3853.61,9771463094
2019-09-04,3853.61,3886,3853.61,3886,12662861461,0,1,3853.61,3886,3853.61,3886,12662861461
2019-09-05,3886,3925.32,3886,3925.32,18165623072,0,1,3886,3925.32,3886,3925.32,18165623072
2019-09-06,3925.32,3948.51,3925.32,3948.51,12188237610,0,1,3925.32,3948.51,3925.32,3948.51,12188237610
2019-09-09,3948.51,3972.95,3948.51,3972.95,14680975390,0,1,3948.51,3972.95,3948.51,3972.95,14680975390
2019-09-10,3972.95,3972.95,3959.27,3959.27,13088938553,0,1,3972.95,3972.95,3959.27,3959.27,13088938553
2019-09-11,3959.27,3959.27,3930.1,3930.1,13159487549,0,1,3959.27,3959.27,3930.1,3930.1,13159487549
2019-09-12,3930.1,3972.38,3930.1,3972.38,11024127293,0,1,3930.1,3972.38,3930.1,3972.38,11024127293
2019-09-16,3972.38,3972.38,3957.72,3957.72,11025980468,0,1,3972.38,3972.38,3957.72,3957.72,11025980468
2019-09-17,3957.72,3957.72,3891.22,3891.22,11369431699,0,1,3957.72,3957.72,3891.22,3891.22,11369431699
2019-09-18,3891.22,3910.08,3891.22,3910.08,8205615233,0,1,3891.22,3910.08,3891.22,3910.08,8205615233
2019-09-19,3910.08,3924.38,3910.08,3924.38,8598423763,0,1,3910.08,3924.38,3910.08,3924.38,8598423763
2019-09-20,3924.38,3935.65,3924.38,3935.65,10345595487,0,1,3924.38,3935.65,3924.38,3935.65,10345595487
2019-09-23,3935.65,3935.65,3890.66,3890.66,9403622500,0,1,3935.65,3935.65,3890.66,3890.66,9403622500
2019-09-24,3890.66,3901.08,3890.66,3901.08,8778323013,0,1,3890.66,3901.08,3890.66,3901.08,8778323013
2019-09-25,3901.08,3901.08,3870.98,3870.98,8952083464,0,1,3901.08,3901.08,3870.98,3870.98,8952083464
2019-09-26,3870.98,3870.98,3841.14,3841.14,10269830095,0,1,3870.98,3870.98,3841.14,3841.14,10269830095
2019-09-27,3841.14,3852.65,3841.14,3852.65,7400394670,0,1,3841.14,3852.65,3841.14,3852.65,7400394670
2019-09-30,3852.65,3852.65,3814.53,3814.53,6593131283,0,1,3852.65,3852.65,3814.53,3814.53,6593131283
2019-10-08,3814.53,3837.68,3814.53,3837.68,7665785960,0,1,3814.53,3837.68,3814.53,3837.68,7665785960
2019-10-09,3837.68,3843.24,3837.68,3843.24,7585451224,0,1,3837.68,3843.24,3837.68,3843.24,7585451224
2019-10-10,3843.24,3874.64,3843.24,3874.64,7922269416,0,1,3843.24,3874.64,3843.24,3874.64,7922269416
2019-10-11,3874.64,3911.73,3874.64,3911.73,9341257658,0,1,3874.64,3911.73,3874.64,3911.73,9341257658
2019-10-14,3911.73,3953.24,3911.73,3953.24,12239361148,0,1,3911.73,3953.24,3911.73,3953.24,12239361148
2019-10-15,3953.24,3953.24,3936.25,3936.25,8527394874,0,1,3953.24,3953.24,3936.25,3936.25,8527394874
2019-10-16,3936.25,3936.25,3922.69,3922.69,8322970682,0,1,3936.25,3936.25,3922.69,3922.69,8322970682
2019-10-17,3922.69,3925.22,3922.69,3925.22,6486374539,0,1,3922.69,3925.22,3922.69,3925.22,6486374539
2019-10-18,3925.22,3925.22,3869.38,3869.38,8232114022,0,1,3925.22,3925.22,3869.38,3869.38,8232114022
2019-10-21,3869.38,3880.84,3869.38,3880.84,7418291832,0,1,3869.38,3880.84,3869.38,3880.84,7418291832
2019-10-22,3880.84,3895.88,3880.84,3895.88,6891856573,0,1,3880.84,3895.88,3880.84,3895.88,6891856573
2019-10-23,3895.88,3895.88,3871.08,3871.08,7019862523,0,1,3895.88,3895.88,3871.08,3871.08,7019862523
2019-10-24,3871.08,3871.08,3870.67,3870.67,7133457533,0,1,3871.08,3871.08,3870.67,3870.67,7133457533
2019-10-25,3870.67,3896.79,3870.67,3896.79,7745361960,0,1,3870.67,3896.79,3870.67,3896.79,7745361960
2019-10-28,3896.79,3926.59,3896.79,3926.59,9740601956,0,1,3896.79,3926.59,3896.79,3926.59,9740601956
2019-10-29,3926.59,3926.59,3910.23,3910.23,8225707499,0,1,3926.59,3926.59,3910.23,3910.23,8225707499
2019-10-30,3910.23,3910.23,3891.23,3891.23,7787292296,0,1,3910.23,3910.23,3891.23,3891.23,7787292296
2019-10-31,3891.23,3891.23,3886.75,3886.75,8671453931,0,1,3891.23,3891.23,3886.75,3886.75,8671453931
2019-11-01,3886.75,3952.39,3886.75,3952.39,10068961238,0,1,3886.75,3952.39,3886.75,3952.39,10068961238
2019-11-04,3952.39,3978.12,3952.39,3978.12,10419385531,0,1,3952.39,3978.12,3952.39,3978.12,10419385531
2019-11-05,3978.12,4002.81,3978.12,4002.81,11291187976,0,1,3978.12,4002.81,3978.12,4002.81,11291187976
2019-11-06,4002.81,4002.81,3984.88,3984.88,9731295222,0,1,4002.81,4002.81,3984.88,3984.88,9731295222
2019-11-07,3984.88,3991.87,3984.88,3991.87,8725489757,0,1,3984.88,3991.87,3984.88,3991.87,8725489757
2019-11-08,3991.87,3991.87,3973.01,3973.01,9710694829,0,1,3991.87,3991.87,3973.01,3973.01,9710694829
2019-11-11,3973.01,3973.01,3902.98,3902.98,9415562062,0,1,3973.01,3973.01,3902.98,3902.98,9415562062
2019-11-12,3902.98,3903.69,3902.98,3903.69,7654306884,0,1,3902.98,3903.69,3902.98,3903.69,7654306884
2019-11-13,3903.69,3903.69,3899.98,3899.98,7674907798,0,1,3903.69,3903.69,3899.98,3899.98,7674907798
2019-11-14,3899.98,3905.86,3899.98,3905.86,8700844563,0,1,3899.98,3905.86,3899.98,3905.86,8700844563
2019-11-15,3905.86,3905.86,3877.09,3877.09,8373091691,0,1,3905.86,3905.86,3877.09,3877.09,8373091691
2019-11-18,3877.09,3907.93,3877.09,3907.93,7664599293,0,1,3877.09,3907.93,3877.09,3907.93,7664599293
2019-11-19,3907.93,3947.04,3907.93,3947.04,8216102548,0,1,3907.93,3947.04,3907.93,3947.04,8216102548
2019-11-20,3947.04,3947.04,3907.86,3907.86,7681533323,0,1,3947.04,3947.04,3907.86,3907.86,7681533323
2019-11-21,3907.86,3907.86,3889.6,3889.6,6913053830,0,1,3907.86,3907.86,3889.6,3889.6,6913053830
2019-11-22,3889.6,3889.6,3849.99,3849.99,9104263909,0,1,3889.6,3889.6,3849.99,3849.99,9104263909
2019-11-25,3849.99,3878.21,3849.99,3878.21,10606628949,0,1,3849.99,3878.21,3849.99,3878.21,10606628949
2019-11-26,3878.21,3891.65,3878.21,3891.65,11151353747,0,1,3878.21,3891.65,3878.21,3891.65,11151353747
2019-11-27,3891.65,3891.65,3875.62,3875.62,7643730466,0,1,3891.65,3891.65,3875.62,3875.62,7643730466
2019-11-28,3875.62,3875.62,3862.3,3862.3,6523011875,0,1,3875.62,3875.62,3862.3,3862.3,6523011875
2019-11-29,3862.3,3862.3,3828.67,3828.67,7414433086,0,1,3862.3,3862.3,3828.67,3828.67,7414433086
2019-12-02,3828.67,3836.06,3828.67,3836.06,7741217280,0,1,3828.67,3836.06,3828.67,3836.06,7741217280
2019-12-03,3836.06,3851.09,3836.06,3851.09,7361123956,0,1,3836.06,3851.09,3836.06,3851.09,7361123956
2019-12-04,3851.09,3851.09,3849.82,3849.82,7968338457,0,1,3851.09,3851.09,3849.82,3849.82,7968338457
2019-12-05,3849.82,3879.36,3849.82,3879.36,8905119308,0,1,3849.82,3879.36,3849.82,3879.36,8905119308
2019-12-06,3879.36,3902.39,3879.36,3902.39,7864888687,0,1,3879.36,3902.39,3879.36,3902.39,7864888687
2019-12-09,3902.39,3902.39,3895.45,3895.45,9535380609,0,1,3902.39,3902.39,3895.45,3895.45,9535380609
2019-12-10,3895.45,3900.38,3895.45,3900.38,8626292769,0,1,3895.45,3900.38,3895.45,3900.38,8626292769
2019-12-11,3900.38,3902.75,3900.38,3902.75,9976548036,0,1,3900.38,3902.75,3900.38,3902.75,9976548036
2019-12-12,3902.75,3902.75,3891.02,3891.02,8470832952,0,1,3902.75,3902.75,3891.02,3891.02,8470832952
2019-12-13,3891.02,3968.22,3891.02,3968.22,14857134921,0,1,3891.02,3968.22,3891.02,3968.22,14857134921
2019-12-16,3968.22,3987.55,3968.22,3987.55,14848667041,0,1,3968.22,3987.55,3968.22,3987.55,14848667041
2019-12-17,3987.55,4041.8,3987.55,4041.8,20116293686,0,1,3987.55,4041.8,3987.55,4041.8,20116293686
2019-12-18,4041.8,4041.8,4032.78,4032.78,15135176436,0,1,4041.8,4041.8,4032.78,4032.78,15135176436
2019-12-19,4032.78,4032.78,4027.15,4027.15,11790055773,0,1,4032.78,4032.78,4027.15,4027.15,11790055773
2019-12-20,4027.15,4027.15,4017.25,4017.25,12126766192,0,1,4027.15,4027.15,4017.25,4017.25,12126766192
2019-12-23,4017.25,4017.25,3967.1,3967.1,12281624559,0,1,4017.25,4017.25,3967.1,3967.1,12281624559
2019-12-24,3967.1,3992.96,3967.1,3992.96,9598904546,0,1,3967.1,3992.96,3967.1,3992.96,9598904546
2019-12-25,3992.96,3992.96,3990.87,3990.87,9493889044,0,1,3992.96,3992.96,3990.87,3990.87,9493889044
2019-12-26,3990.87,4025.99,3990.87,4025.99,10886064000,0,1,3990.87,4025.99,3990.87,4025.99,10886064000
2019-12-27,4025.99,4025.99,4022.03,4022.03,15092641126,0,1,4025.99,4025.99,4022.03,4022.03,15092641126
2019-12-30,4022.03,4081.63,4022.03,4081.63,15597148845,0,1,4022.03,4081.63,4022.03,4081.63,15597148845
2019-12-31,4081.63,4096.58,4081.63,4096.58,12326425822,0,1,4081.63,4096.58,4081.63,4096.58,12326425822
